"Domain","Function","Process_Id","Thread_Id","Correlation_Id","Start_Timestamp","End_Timestamp"
"MARKER_CORE_RANGE_API","ullm.aq4.decode.decoder_stack.v1",4000890,4000890,105564,90426388817229,90426401189401
"MARKER_CORE_RANGE_API","ullm.aq4.decode.lm_head_top1.v1",4000890,4000890,106421,90426402087157,90426403430011
"MARKER_CORE_RANGE_API","ullm.aq4.decode.step.v1/step_index=0/cache_start=1339",4000890,4000890,105561,90426388796279,90426403431831
"MARKER_CORE_RANGE_API","ullm.aq4.decode.decoder_stack.v1",4000890,4000890,106439,90426403455052,90426415612659
"MARKER_CORE_RANGE_API","ullm.aq4.decode.lm_head_top1.v1",4000890,4000890,107296,90426415619230,90426417730888
"MARKER_CORE_RANGE_API","ullm.aq4.decode.step.v1/step_index=1/cache_start=1340",4000890,4000890,106436,90426403442461,90426417732438
"MARKER_CORE_RANGE_API","ullm.aq4.decode.decoder_stack.v1",4000890,4000890,107314,90426417758668,90426429961617
"MARKER_CORE_RANGE_API","ullm.aq4.decode.lm_head_top1.v1",4000890,4000890,108171,90426429968077,90426432035014
"MARKER_CORE_RANGE_API","ullm.aq4.decode.step.v1/step_index=2/cache_start=1341",4000890,4000890,107311,90426417746878,90426432036484
"MARKER_CORE_RANGE_API","ullm.aq4.decode.decoder_stack.v1",4000890,4000890,108189,90426432063674,90426444267863
"MARKER_CORE_RANGE_API","ullm.aq4.decode.lm_head_top1.v1",4000890,4000890,109046,90426444274323,90426446373031
"MARKER_CORE_RANGE_API","ullm.aq4.decode.step.v1/step_index=3/cache_start=1342",4000890,4000890,108186,90426432051154,90426446374811
"MARKER_CORE_RANGE_API","ullm.aq4.decode.decoder_stack.v1",4000890,4000890,109064,90426446403091,90426458571520
"MARKER_CORE_RANGE_API","ullm.aq4.decode.lm_head_top1.v1",4000890,4000890,109921,90426458577860,90426460677847
"MARKER_CORE_RANGE_API","ullm.aq4.decode.step.v1/step_index=4/cache_start=1343",4000890,4000890,109061,90426446391631,90426460679447
"MARKER_CORE_RANGE_API","ullm.aq4.decode.decoder_stack.v1",4000890,4000890,109939,90426460707428,90426472809925
"MARKER_CORE_RANGE_API","ullm.aq4.decode.lm_head_top1.v1",4000890,4000890,110796,90426472816355,90426474887612
"MARKER_CORE_RANGE_API","ullm.aq4.decode.step.v1/step_index=5/cache_start=1344",4000890,4000890,109936,90426460694968,90426474888962
"MARKER_CORE_RANGE_API","ullm.aq4.decode.decoder_stack.v1",4000890,4000890,110814,90426474916523,90426487141182
"MARKER_CORE_RANGE_API","ullm.aq4.decode.lm_head_top1.v1",4000890,4000890,111671,90426487147642,90426489196519
"MARKER_CORE_RANGE_API","ullm.aq4.decode.step.v1/step_index=6/cache_start=1345",4000890,4000890,110811,90426474905342,90426489198999
"MARKER_CORE_RANGE_API","ullm.aq4.decode.decoder_stack.v1",4000890,4000890,111689,90426489225769,90426501411158
"MARKER_CORE_RANGE_API","ullm.aq4.decode.lm_head_top1.v1",4000890,4000890,112546,90426501417488,90426503491535
"MARKER_CORE_RANGE_API","ullm.aq4.decode.step.v1/step_index=7/cache_start=1346",4000890,4000890,111686,90426489213869,90426503493645
"MARKER_CORE_RANGE_API","ullm.aq4.decode.decoder_stack.v1",4000890,4000890,112564,90426503521275,90426515747595
"MARKER_CORE_RANGE_API","ullm.aq4.decode.lm_head_top1.v1",4000890,4000890,113421,90426515753845,90426517858832
"MARKER_CORE_RANGE_API","ullm.aq4.decode.step.v1/step_index=8/cache_start=1347",4000890,4000890,112561,90426503508505,90426517860402
"MARKER_CORE_RANGE_API","ullm.aq4.decode.decoder_stack.v1",4000890,4000890,113439,90426517887653,90426530100272
"MARKER_CORE_RANGE_API","ullm.aq4.decode.lm_head_top1.v1",4000890,4000890,114296,90426530106652,90426532139638
"MARKER_CORE_RANGE_API","ullm.aq4.decode.step.v1/step_index=9/cache_start=1348",4000890,4000890,113436,90426517874703,90426532141018
"MARKER_CORE_RANGE_API","ullm.aq4.decode.decoder_stack.v1",4000890,4000890,114314,90426532166599,90426544362428
"MARKER_CORE_RANGE_API","ullm.aq4.decode.lm_head_top1.v1",4000890,4000890,115171,90426544369128,90426546547867
"MARKER_CORE_RANGE_API","ullm.aq4.decode.step.v1/step_index=10/cache_start=1349",4000890,4000890,114311,90426532154769,90426546549357
"MARKER_CORE_RANGE_API","ullm.aq4.decode.decoder_stack.v1",4000890,4000890,115189,90426546580107,90426558748025
"MARKER_CORE_RANGE_API","ullm.aq4.decode.lm_head_top1.v1",4000890,4000890,116046,90426558754375,90426560832383
"MARKER_CORE_RANGE_API","ullm.aq4.decode.step.v1/step_index=11/cache_start=1350",4000890,4000890,115186,90426546565657,90426560833823
"MARKER_CORE_RANGE_API","ullm.aq4.decode.decoder_stack.v1",4000890,4000890,116064,90426560860643,90426573073712
"MARKER_CORE_RANGE_API","ullm.aq4.decode.lm_head_top1.v1",4000890,4000890,116921,90426573080012,90426575153960
"MARKER_CORE_RANGE_API","ullm.aq4.decode.step.v1/step_index=12/cache_start=1351",4000890,4000890,116061,90426560849203,90426575155350
"MARKER_CORE_RANGE_API","ullm.aq4.decode.decoder_stack.v1",4000890,4000890,116939,90426575181500,90426587475280
"MARKER_CORE_RANGE_API","ullm.aq4.decode.lm_head_top1.v1",4000890,4000890,117796,90426587481581,90426589533837
"MARKER_CORE_RANGE_API","ullm.aq4.decode.step.v1/step_index=13/cache_start=1352",4000890,4000890,116936,90426575170080,90426589535357
"MARKER_CORE_RANGE_API","ullm.aq4.decode.decoder_stack.v1",4000890,4000890,117814,90426589562588,90426601777127
"MARKER_CORE_RANGE_API","ullm.aq4.decode.lm_head_top1.v1",4000890,4000890,118671,90426601783687,90426603862344
"MARKER_CORE_RANGE_API","ullm.aq4.decode.step.v1/step_index=14/cache_start=1353",4000890,4000890,117811,90426589550228,90426603863764
"MARKER_CORE_RANGE_API","ullm.aq4.decode.decoder_stack.v1",4000890,4000890,118689,90426603890155,90426616167255
"MARKER_CORE_RANGE_API","ullm.aq4.decode.lm_head_top1.v1",4000890,4000890,119546,90426616173745,90426618242392
"MARKER_CORE_RANGE_API","ullm.aq4.decode.step.v1/step_index=15/cache_start=1354",4000890,4000890,118686,90426603878464,90426618243872
"MARKER_CORE_RANGE_API","ullm.aq4.decode.decoder_stack.v1",4000890,4000890,119564,90426618272172,90426630467761
"MARKER_CORE_RANGE_API","ullm.aq4.decode.lm_head_top1.v1",4000890,4000890,120421,90426630474161,90426632573839
"MARKER_CORE_RANGE_API","ullm.aq4.decode.step.v1/step_index=16/cache_start=1355",4000890,4000890,119561,90426618259982,90426632575359
"MARKER_CORE_RANGE_API","ullm.aq4.decode.decoder_stack.v1",4000890,4000890,120439,90426632604579,90426644857949
"MARKER_CORE_RANGE_API","ullm.aq4.decode.lm_head_top1.v1",4000890,4000890,121296,90426644864279,90426646966307
"MARKER_CORE_RANGE_API","ullm.aq4.decode.step.v1/step_index=17/cache_start=1356",4000890,4000890,120436,90426632590779,90426646967917
"MARKER_CORE_RANGE_API","ullm.aq4.decode.decoder_stack.v1",4000890,4000890,121314,90426647031558,90426659201986
"MARKER_CORE_RANGE_API","ullm.aq4.decode.lm_head_top1.v1",4000890,4000890,122171,90426659208406,90426661288654
"MARKER_CORE_RANGE_API","ullm.aq4.decode.step.v1/step_index=18/cache_start=1357",4000890,4000890,121311,90426646984227,90426661290244
"MARKER_CORE_RANGE_API","ullm.aq4.decode.decoder_stack.v1",4000890,4000890,122189,90426661316584,90426673550903
"MARKER_CORE_RANGE_API","ullm.aq4.decode.lm_head_top1.v1",4000890,4000890,123046,90426673557483,90426675607500
"MARKER_CORE_RANGE_API","ullm.aq4.decode.step.v1/step_index=19/cache_start=1358",4000890,4000890,122186,90426661304994,90426675609000
"MARKER_CORE_RANGE_API","ullm.aq4.decode.decoder_stack.v1",4000890,4000890,123064,90426675635701,90426687840819
"MARKER_CORE_RANGE_API","ullm.aq4.decode.lm_head_top1.v1",4000890,4000890,123921,90426687854150,90426689932437
"MARKER_CORE_RANGE_API","ullm.aq4.decode.step.v1/step_index=20/cache_start=1359",4000890,4000890,123061,90426675623500,90426689936417
"MARKER_CORE_RANGE_API","ullm.aq4.decode.decoder_stack.v1",4000890,4000890,123939,90426689974718,90426702197197
"MARKER_CORE_RANGE_API","ullm.aq4.decode.lm_head_top1.v1",4000890,4000890,124796,90426702209257,90426704299105
"MARKER_CORE_RANGE_API","ullm.aq4.decode.step.v1/step_index=21/cache_start=1360",4000890,4000890,123936,90426689957487,90426704306205
"MARKER_CORE_RANGE_API","ullm.aq4.decode.decoder_stack.v1",4000890,4000890,124814,90426704352896,90426716553934
"MARKER_CORE_RANGE_API","ullm.aq4.decode.lm_head_top1.v1",4000890,4000890,125671,90426716560554,90426718634442
"MARKER_CORE_RANGE_API","ullm.aq4.decode.step.v1/step_index=22/cache_start=1361",4000890,4000890,124811,90426704333955,90426718636052
"MARKER_CORE_RANGE_API","ullm.aq4.decode.decoder_stack.v1",4000890,4000890,125689,90426718665562,90426730837140
"MARKER_CORE_RANGE_API","ullm.aq4.decode.lm_head_top1.v1",4000890,4000890,126546,90426730843560,90426732903517
"MARKER_CORE_RANGE_API","ullm.aq4.decode.step.v1/step_index=23/cache_start=1362",4000890,4000890,125686,90426718652452,90426732904937
"MARKER_CORE_RANGE_API","ullm.aq4.decode.decoder_stack.v1",4000890,4000890,126564,90426732933258,90426745145197
"MARKER_CORE_RANGE_API","ullm.aq4.decode.lm_head_top1.v1",4000890,4000890,127421,90426745153707,90426747217634
"MARKER_CORE_RANGE_API","ullm.aq4.decode.step.v1/step_index=24/cache_start=1363",4000890,4000890,126561,90426732920988,90426747218924
"MARKER_CORE_RANGE_API","ullm.aq4.decode.decoder_stack.v1",4000890,4000890,127439,90426747250885,90426759416703
"MARKER_CORE_RANGE_API","ullm.aq4.decode.lm_head_top1.v1",4000890,4000890,128296,90426759423693,90426761484690
"MARKER_CORE_RANGE_API","ullm.aq4.decode.step.v1/step_index=25/cache_start=1364",4000890,4000890,127436,90426747237814,90426761486750
"MARKER_CORE_RANGE_API","ullm.aq4.decode.decoder_stack.v1",4000890,4000890,128314,90426761530120,90426773710399
"MARKER_CORE_RANGE_API","ullm.aq4.decode.lm_head_top1.v1",4000890,4000890,129171,90426773716829,90426775808447
"MARKER_CORE_RANGE_API","ullm.aq4.decode.step.v1/step_index=26/cache_start=1365",4000890,4000890,128311,90426761517310,90426775809937
"MARKER_CORE_RANGE_API","ullm.aq4.decode.decoder_stack.v1",4000890,4000890,129189,90426775846867,90426788012115
"MARKER_CORE_RANGE_API","ullm.aq4.decode.lm_head_top1.v1",4000890,4000890,130046,90426788018565,90426790112603
"MARKER_CORE_RANGE_API","ullm.aq4.decode.step.v1/step_index=27/cache_start=1366",4000890,4000890,129186,90426775828847,90426790114073
"MARKER_CORE_RANGE_API","ullm.aq4.decode.decoder_stack.v1",4000890,4000890,130064,90426790141773,90426802343682
"MARKER_CORE_RANGE_API","ullm.aq4.decode.lm_head_top1.v1",4000890,4000890,130921,90426802351612,90426804416859
"MARKER_CORE_RANGE_API","ullm.aq4.decode.step.v1/step_index=28/cache_start=1367",4000890,4000890,130061,90426790128943,90426804418379
"MARKER_CORE_RANGE_API","ullm.aq4.decode.decoder_stack.v1",4000890,4000890,130939,90426804445970,90426819647712
"MARKER_CORE_RANGE_API","ullm.aq4.decode.lm_head_top1.v1",4000890,4000890,131796,90426819658213,90426821750100
"MARKER_CORE_RANGE_API","ullm.aq4.decode.step.v1/step_index=29/cache_start=1368",4000890,4000890,130936,90426804433110,90426821753060
"MARKER_CORE_RANGE_API","ullm.aq4.decode.decoder_stack.v1",4000890,4000890,131814,90426821793771,90426833929978
"MARKER_CORE_RANGE_API","ullm.aq4.decode.lm_head_top1.v1",4000890,4000890,132671,90426833936528,90426836064647
"MARKER_CORE_RANGE_API","ullm.aq4.decode.step.v1/step_index=30/cache_start=1369",4000890,4000890,131811,90426821775410,90426836066127
"MARKER_CORE_RANGE_API","ullm.aq4.decode.decoder_stack.v1",4000890,4000890,132689,90426836096447,90426848282736
"MARKER_CORE_RANGE_API","ullm.aq4.decode.lm_head_top1.v1",4000890,4000890,133546,90426848289076,90426850341623
"MARKER_CORE_RANGE_API","ullm.aq4.decode.step.v1/step_index=31/cache_start=1370",4000890,4000890,132686,90426836081687,90426850343183
