"Correlation_Id","Dispatch_Id","Agent_Id","Queue_Id","Process_Id","Thread_Id","Grid_Size","Kernel_Id","Kernel_Name","Workgroup_Size","LDS_Block_Size","Scratch_Size","VGPR_Count","Accum_VGPR_Count","SGPR_Count","Counter_Name","Counter_Value","Start_Timestamp","End_Timestamp"
2,2,"Agent 2",1,564735,564735,10240,18,"ullm_paged_decode_attn_f32_kernel",256,1024,0,32,0,128,"GL2C_EA_RDREQ_128B",0.00000000e+00,71768463645053,71768464571743
2,2,"Agent 2",1,564735,564735,10240,18,"ullm_paged_decode_attn_f32_kernel",256,1024,0,32,0,128,"GL2C_EA_RDREQ_32B",0.00000000e+00,71768463645053,71768464571743
2,2,"Agent 2",1,564735,564735,10240,18,"ullm_paged_decode_attn_f32_kernel",256,1024,0,32,0,128,"GL2C_EA_RDREQ_64B",0.00000000e+00,71768463645053,71768464571743
2,2,"Agent 2",1,564735,564735,10240,18,"ullm_paged_decode_attn_f32_kernel",256,1024,0,32,0,128,"SQ_INSTS_VALU",0.00000000e+00,71768463645053,71768464571743
2,2,"Agent 2",1,564735,564735,10240,18,"ullm_paged_decode_attn_f32_kernel",256,1024,0,32,0,128,"SQ_WAVES",54428.000000,71768463645053,71768464571743
5,5,"Agent 2",1,564735,564735,10240,18,"ullm_paged_decode_attn_f32_kernel",256,1024,0,32,0,128,"GL2C_EA_RDREQ_128B",0.00000000e+00,71768469875842,71768470584610
5,5,"Agent 2",1,564735,564735,10240,18,"ullm_paged_decode_attn_f32_kernel",256,1024,0,32,0,128,"GL2C_EA_RDREQ_32B",0.00000000e+00,71768469875842,71768470584610
5,5,"Agent 2",1,564735,564735,10240,18,"ullm_paged_decode_attn_f32_kernel",256,1024,0,32,0,128,"GL2C_EA_RDREQ_64B",0.00000000e+00,71768469875842,71768470584610
5,5,"Agent 2",1,564735,564735,10240,18,"ullm_paged_decode_attn_f32_kernel",256,1024,0,32,0,128,"SQ_INSTS_VALU",0.00000000e+00,71768469875842,71768470584610
5,5,"Agent 2",1,564735,564735,10240,18,"ullm_paged_decode_attn_f32_kernel",256,1024,0,32,0,128,"SQ_WAVES",8632.000000,71768469875842,71768470584610
6,6,"Agent 2",1,564735,564735,10240,18,"ullm_paged_decode_attn_f32_kernel",256,1024,0,32,0,128,"GL2C_EA_RDREQ_128B",0.00000000e+00,71768472790275,71768473473283
6,6,"Agent 2",1,564735,564735,10240,18,"ullm_paged_decode_attn_f32_kernel",256,1024,0,32,0,128,"GL2C_EA_RDREQ_32B",0.00000000e+00,71768472790275,71768473473283
6,6,"Agent 2",1,564735,564735,10240,18,"ullm_paged_decode_attn_f32_kernel",256,1024,0,32,0,128,"GL2C_EA_RDREQ_64B",0.00000000e+00,71768472790275,71768473473283
6,6,"Agent 2",1,564735,564735,10240,18,"ullm_paged_decode_attn_f32_kernel",256,1024,0,32,0,128,"SQ_INSTS_VALU",0.00000000e+00,71768472790275,71768473473283
6,6,"Agent 2",1,564735,564735,10240,18,"ullm_paged_decode_attn_f32_kernel",256,1024,0,32,0,128,"SQ_WAVES",8296.000000,71768472790275,71768473473283
7,7,"Agent 2",1,564735,564735,10240,18,"ullm_paged_decode_attn_f32_kernel",256,1024,0,32,0,128,"GL2C_EA_RDREQ_128B",0.00000000e+00,71768475313263,71768476000751
7,7,"Agent 2",1,564735,564735,10240,18,"ullm_paged_decode_attn_f32_kernel",256,1024,0,32,0,128,"GL2C_EA_RDREQ_32B",0.00000000e+00,71768475313263,71768476000751
7,7,"Agent 2",1,564735,564735,10240,18,"ullm_paged_decode_attn_f32_kernel",256,1024,0,32,0,128,"GL2C_EA_RDREQ_64B",0.00000000e+00,71768475313263,71768476000751
7,7,"Agent 2",1,564735,564735,10240,18,"ullm_paged_decode_attn_f32_kernel",256,1024,0,32,0,128,"SQ_INSTS_VALU",0.00000000e+00,71768475313263,71768476000751
7,7,"Agent 2",1,564735,564735,10240,18,"ullm_paged_decode_attn_f32_kernel",256,1024,0,32,0,128,"SQ_WAVES",5424.000000,71768475313263,71768476000751
8,8,"Agent 2",1,564735,564735,10240,18,"ullm_paged_decode_attn_f32_kernel",256,1024,0,32,0,128,"GL2C_EA_RDREQ_128B",0.00000000e+00,71768478748182,71768479415509
8,8,"Agent 2",1,564735,564735,10240,18,"ullm_paged_decode_attn_f32_kernel",256,1024,0,32,0,128,"GL2C_EA_RDREQ_32B",0.00000000e+00,71768478748182,71768479415509
8,8,"Agent 2",1,564735,564735,10240,18,"ullm_paged_decode_attn_f32_kernel",256,1024,0,32,0,128,"GL2C_EA_RDREQ_64B",0.00000000e+00,71768478748182,71768479415509
8,8,"Agent 2",1,564735,564735,10240,18,"ullm_paged_decode_attn_f32_kernel",256,1024,0,32,0,128,"SQ_INSTS_VALU",0.00000000e+00,71768478748182,71768479415509
8,8,"Agent 2",1,564735,564735,10240,18,"ullm_paged_decode_attn_f32_kernel",256,1024,0,32,0,128,"SQ_WAVES",8744.000000,71768478748182,71768479415509
9,9,"Agent 2",1,564735,564735,10240,18,"ullm_paged_decode_attn_f32_kernel",256,1024,0,32,0,128,"GL2C_EA_RDREQ_128B",0.00000000e+00,71768479915115,71768480619963
9,9,"Agent 2",1,564735,564735,10240,18,"ullm_paged_decode_attn_f32_kernel",256,1024,0,32,0,128,"GL2C_EA_RDREQ_32B",0.00000000e+00,71768479915115,71768480619963
9,9,"Agent 2",1,564735,564735,10240,18,"ullm_paged_decode_attn_f32_kernel",256,1024,0,32,0,128,"GL2C_EA_RDREQ_64B",0.00000000e+00,71768479915115,71768480619963
9,9,"Agent 2",1,564735,564735,10240,18,"ullm_paged_decode_attn_f32_kernel",256,1024,0,32,0,128,"SQ_INSTS_VALU",0.00000000e+00,71768479915115,71768480619963
9,9,"Agent 2",1,564735,564735,10240,18,"ullm_paged_decode_attn_f32_kernel",256,1024,0,32,0,128,"SQ_WAVES",51520.000000,71768479915115,71768480619963
10,10,"Agent 2",1,564735,564735,10240,18,"ullm_paged_decode_attn_f32_kernel",256,1024,0,32,0,128,"GL2C_EA_RDREQ_128B",0.00000000e+00,71768486047624,71768486793833
10,10,"Agent 2",1,564735,564735,10240,18,"ullm_paged_decode_attn_f32_kernel",256,1024,0,32,0,128,"GL2C_EA_RDREQ_32B",0.00000000e+00,71768486047624,71768486793833
10,10,"Agent 2",1,564735,564735,10240,18,"ullm_paged_decode_attn_f32_kernel",256,1024,0,32,0,128,"GL2C_EA_RDREQ_64B",0.00000000e+00,71768486047624,71768486793833
10,10,"Agent 2",1,564735,564735,10240,18,"ullm_paged_decode_attn_f32_kernel",256,1024,0,32,0,128,"SQ_INSTS_VALU",0.00000000e+00,71768486047624,71768486793833
10,10,"Agent 2",1,564735,564735,10240,18,"ullm_paged_decode_attn_f32_kernel",256,1024,0,32,0,128,"SQ_WAVES",21840.000000,71768486047624,71768486793833
11,11,"Agent 2",1,564735,564735,10240,18,"ullm_paged_decode_attn_f32_kernel",256,1024,0,32,0,128,"GL2C_EA_RDREQ_128B",0.00000000e+00,71768489149219,71768489866707
11,11,"Agent 2",1,564735,564735,10240,18,"ullm_paged_decode_attn_f32_kernel",256,1024,0,32,0,128,"GL2C_EA_RDREQ_32B",0.00000000e+00,71768489149219,71768489866707
11,11,"Agent 2",1,564735,564735,10240,18,"ullm_paged_decode_attn_f32_kernel",256,1024,0,32,0,128,"GL2C_EA_RDREQ_64B",0.00000000e+00,71768489149219,71768489866707
11,11,"Agent 2",1,564735,564735,10240,18,"ullm_paged_decode_attn_f32_kernel",256,1024,0,32,0,128,"SQ_INSTS_VALU",0.00000000e+00,71768489149219,71768489866707
11,11,"Agent 2",1,564735,564735,10240,18,"ullm_paged_decode_attn_f32_kernel",256,1024,0,32,0,128,"SQ_WAVES",8760.000000,71768489149219,71768489866707
12,12,"Agent 2",1,564735,564735,10240,18,"ullm_paged_decode_attn_f32_kernel",256,1024,0,32,0,128,"GL2C_EA_RDREQ_128B",0.00000000e+00,71768490666036,71768491323644
12,12,"Agent 2",1,564735,564735,10240,18,"ullm_paged_decode_attn_f32_kernel",256,1024,0,32,0,128,"GL2C_EA_RDREQ_32B",0.00000000e+00,71768490666036,71768491323644
12,12,"Agent 2",1,564735,564735,10240,18,"ullm_paged_decode_attn_f32_kernel",256,1024,0,32,0,128,"GL2C_EA_RDREQ_64B",0.00000000e+00,71768490666036,71768491323644
12,12,"Agent 2",1,564735,564735,10240,18,"ullm_paged_decode_attn_f32_kernel",256,1024,0,32,0,128,"SQ_INSTS_VALU",0.00000000e+00,71768490666036,71768491323644
12,12,"Agent 2",1,564735,564735,10240,18,"ullm_paged_decode_attn_f32_kernel",256,1024,0,32,0,128,"SQ_WAVES",4344.000000,71768490666036,71768491323644
13,13,"Agent 2",1,564735,564735,10240,18,"ullm_paged_decode_attn_f32_kernel",256,1024,0,32,0,128,"GL2C_EA_RDREQ_128B",0.00000000e+00,71768493020463,71768493667190
13,13,"Agent 2",1,564735,564735,10240,18,"ullm_paged_decode_attn_f32_kernel",256,1024,0,32,0,128,"GL2C_EA_RDREQ_32B",0.00000000e+00,71768493020463,71768493667190
13,13,"Agent 2",1,564735,564735,10240,18,"ullm_paged_decode_attn_f32_kernel",256,1024,0,32,0,128,"GL2C_EA_RDREQ_64B",0.00000000e+00,71768493020463,71768493667190
13,13,"Agent 2",1,564735,564735,10240,18,"ullm_paged_decode_attn_f32_kernel",256,1024,0,32,0,128,"SQ_INSTS_VALU",0.00000000e+00,71768493020463,71768493667190
13,13,"Agent 2",1,564735,564735,10240,18,"ullm_paged_decode_attn_f32_kernel",256,1024,0,32,0,128,"SQ_WAVES",52032.000000,71768493020463,71768493667190
14,14,"Agent 2",1,564735,564735,10240,18,"ullm_paged_decode_attn_f32_kernel",256,1024,0,32,0,128,"GL2C_EA_RDREQ_128B",0.00000000e+00,71768495830974,71768496569823
14,14,"Agent 2",1,564735,564735,10240,18,"ullm_paged_decode_attn_f32_kernel",256,1024,0,32,0,128,"GL2C_EA_RDREQ_32B",0.00000000e+00,71768495830974,71768496569823
14,14,"Agent 2",1,564735,564735,10240,18,"ullm_paged_decode_attn_f32_kernel",256,1024,0,32,0,128,"GL2C_EA_RDREQ_64B",0.00000000e+00,71768495830974,71768496569823
14,14,"Agent 2",1,564735,564735,10240,18,"ullm_paged_decode_attn_f32_kernel",256,1024,0,32,0,128,"SQ_INSTS_VALU",0.00000000e+00,71768495830974,71768496569823
14,14,"Agent 2",1,564735,564735,10240,18,"ullm_paged_decode_attn_f32_kernel",256,1024,0,32,0,128,"SQ_WAVES",53304.000000,71768495830974,71768496569823
15,15,"Agent 2",1,564735,564735,10240,18,"ullm_paged_decode_attn_f32_kernel",256,1024,0,32,0,128,"GL2C_EA_RDREQ_128B",0.00000000e+00,71768498934609,71768499639697
15,15,"Agent 2",1,564735,564735,10240,18,"ullm_paged_decode_attn_f32_kernel",256,1024,0,32,0,128,"GL2C_EA_RDREQ_32B",0.00000000e+00,71768498934609,71768499639697
15,15,"Agent 2",1,564735,564735,10240,18,"ullm_paged_decode_attn_f32_kernel",256,1024,0,32,0,128,"GL2C_EA_RDREQ_64B",0.00000000e+00,71768498934609,71768499639697
15,15,"Agent 2",1,564735,564735,10240,18,"ullm_paged_decode_attn_f32_kernel",256,1024,0,32,0,128,"SQ_INSTS_VALU",0.00000000e+00,71768498934609,71768499639697
15,15,"Agent 2",1,564735,564735,10240,18,"ullm_paged_decode_attn_f32_kernel",256,1024,0,32,0,128,"SQ_WAVES",54464.000000,71768498934609,71768499639697
16,16,"Agent 2",1,564735,564735,10240,18,"ullm_paged_decode_attn_f32_kernel",256,1024,0,32,0,128,"GL2C_EA_RDREQ_128B",0.00000000e+00,71768502559570,71768503273178
16,16,"Agent 2",1,564735,564735,10240,18,"ullm_paged_decode_attn_f32_kernel",256,1024,0,32,0,128,"GL2C_EA_RDREQ_32B",0.00000000e+00,71768502559570,71768503273178
16,16,"Agent 2",1,564735,564735,10240,18,"ullm_paged_decode_attn_f32_kernel",256,1024,0,32,0,128,"GL2C_EA_RDREQ_64B",0.00000000e+00,71768502559570,71768503273178
16,16,"Agent 2",1,564735,564735,10240,18,"ullm_paged_decode_attn_f32_kernel",256,1024,0,32,0,128,"SQ_INSTS_VALU",0.00000000e+00,71768502559570,71768503273178
16,16,"Agent 2",1,564735,564735,10240,18,"ullm_paged_decode_attn_f32_kernel",256,1024,0,32,0,128,"SQ_WAVES",8616.000000,71768502559570,71768503273178
17,17,"Agent 2",1,564735,564735,10240,18,"ullm_paged_decode_attn_f32_kernel",256,1024,0,32,0,128,"GL2C_EA_RDREQ_128B",0.00000000e+00,71768505468963,71768506181811
17,17,"Agent 2",1,564735,564735,10240,18,"ullm_paged_decode_attn_f32_kernel",256,1024,0,32,0,128,"GL2C_EA_RDREQ_32B",0.00000000e+00,71768505468963,71768506181811
17,17,"Agent 2",1,564735,564735,10240,18,"ullm_paged_decode_attn_f32_kernel",256,1024,0,32,0,128,"GL2C_EA_RDREQ_64B",0.00000000e+00,71768505468963,71768506181811
17,17,"Agent 2",1,564735,564735,10240,18,"ullm_paged_decode_attn_f32_kernel",256,1024,0,32,0,128,"SQ_INSTS_VALU",0.00000000e+00,71768505468963,71768506181811
17,17,"Agent 2",1,564735,564735,10240,18,"ullm_paged_decode_attn_f32_kernel",256,1024,0,32,0,128,"SQ_WAVES",7856.000000,71768505468963,71768506181811
18,18,"Agent 2",1,564735,564735,10240,18,"ullm_paged_decode_attn_f32_kernel",256,1024,0,32,0,128,"GL2C_EA_RDREQ_128B",0.00000000e+00,71768508357315,71768509076363
18,18,"Agent 2",1,564735,564735,10240,18,"ullm_paged_decode_attn_f32_kernel",256,1024,0,32,0,128,"GL2C_EA_RDREQ_32B",0.00000000e+00,71768508357315,71768509076363
18,18,"Agent 2",1,564735,564735,10240,18,"ullm_paged_decode_attn_f32_kernel",256,1024,0,32,0,128,"GL2C_EA_RDREQ_64B",0.00000000e+00,71768508357315,71768509076363
18,18,"Agent 2",1,564735,564735,10240,18,"ullm_paged_decode_attn_f32_kernel",256,1024,0,32,0,128,"SQ_INSTS_VALU",0.00000000e+00,71768508357315,71768509076363
18,18,"Agent 2",1,564735,564735,10240,18,"ullm_paged_decode_attn_f32_kernel",256,1024,0,32,0,128,"SQ_WAVES",8648.000000,71768508357315,71768509076363
19,19,"Agent 2",1,564735,564735,10240,18,"ullm_paged_decode_attn_f32_kernel",256,1024,0,32,0,128,"GL2C_EA_RDREQ_128B",0.00000000e+00,71768511623592,71768512339800
19,19,"Agent 2",1,564735,564735,10240,18,"ullm_paged_decode_attn_f32_kernel",256,1024,0,32,0,128,"GL2C_EA_RDREQ_32B",0.00000000e+00,71768511623592,71768512339800
19,19,"Agent 2",1,564735,564735,10240,18,"ullm_paged_decode_attn_f32_kernel",256,1024,0,32,0,128,"GL2C_EA_RDREQ_64B",0.00000000e+00,71768511623592,71768512339800
19,19,"Agent 2",1,564735,564735,10240,18,"ullm_paged_decode_attn_f32_kernel",256,1024,0,32,0,128,"SQ_INSTS_VALU",0.00000000e+00,71768511623592,71768512339800
19,19,"Agent 2",1,564735,564735,10240,18,"ullm_paged_decode_attn_f32_kernel",256,1024,0,32,0,128,"SQ_WAVES",55864.000000,71768511623592,71768512339800
20,20,"Agent 2",1,564735,564735,10240,18,"ullm_paged_decode_attn_f32_kernel",256,1024,0,32,0,128,"GL2C_EA_RDREQ_128B",0.00000000e+00,71768516739170,71768517603419
20,20,"Agent 2",1,564735,564735,10240,18,"ullm_paged_decode_attn_f32_kernel",256,1024,0,32,0,128,"GL2C_EA_RDREQ_32B",0.00000000e+00,71768516739170,71768517603419
20,20,"Agent 2",1,564735,564735,10240,18,"ullm_paged_decode_attn_f32_kernel",256,1024,0,32,0,128,"GL2C_EA_RDREQ_64B",0.00000000e+00,71768516739170,71768517603419
20,20,"Agent 2",1,564735,564735,10240,18,"ullm_paged_decode_attn_f32_kernel",256,1024,0,32,0,128,"SQ_INSTS_VALU",0.00000000e+00,71768516739170,71768517603419
20,20,"Agent 2",1,564735,564735,10240,18,"ullm_paged_decode_attn_f32_kernel",256,1024,0,32,0,128,"SQ_WAVES",3680.000000,71768516739170,71768517603419
21,21,"Agent 2",1,564735,564735,10240,18,"ullm_paged_decode_attn_f32_kernel",256,1024,0,32,0,128,"GL2C_EA_RDREQ_128B",0.00000000e+00,71768518100505,71768518785393
21,21,"Agent 2",1,564735,564735,10240,18,"ullm_paged_decode_attn_f32_kernel",256,1024,0,32,0,128,"GL2C_EA_RDREQ_32B",0.00000000e+00,71768518100505,71768518785393
21,21,"Agent 2",1,564735,564735,10240,18,"ullm_paged_decode_attn_f32_kernel",256,1024,0,32,0,128,"GL2C_EA_RDREQ_64B",0.00000000e+00,71768518100505,71768518785393
21,21,"Agent 2",1,564735,564735,10240,18,"ullm_paged_decode_attn_f32_kernel",256,1024,0,32,0,128,"SQ_INSTS_VALU",0.00000000e+00,71768518100505,71768518785393
21,21,"Agent 2",1,564735,564735,10240,18,"ullm_paged_decode_attn_f32_kernel",256,1024,0,32,0,128,"SQ_WAVES",21792.000000,71768518100505,71768518785393
22,22,"Agent 2",1,564735,564735,10240,18,"ullm_paged_decode_attn_f32_kernel",256,1024,0,32,0,128,"GL2C_EA_RDREQ_128B",0.00000000e+00,71768521152939,71768521813707
22,22,"Agent 2",1,564735,564735,10240,18,"ullm_paged_decode_attn_f32_kernel",256,1024,0,32,0,128,"GL2C_EA_RDREQ_32B",0.00000000e+00,71768521152939,71768521813707
22,22,"Agent 2",1,564735,564735,10240,18,"ullm_paged_decode_attn_f32_kernel",256,1024,0,32,0,128,"GL2C_EA_RDREQ_64B",0.00000000e+00,71768521152939,71768521813707
22,22,"Agent 2",1,564735,564735,10240,18,"ullm_paged_decode_attn_f32_kernel",256,1024,0,32,0,128,"SQ_INSTS_VALU",0.00000000e+00,71768521152939,71768521813707
22,22,"Agent 2",1,564735,564735,10240,18,"ullm_paged_decode_attn_f32_kernel",256,1024,0,32,0,128,"SQ_WAVES",8424.000000,71768521152939,71768521813707
23,23,"Agent 2",1,564735,564735,10240,18,"ullm_paged_decode_attn_f32_kernel",256,1024,0,32,0,128,"GL2C_EA_RDREQ_128B",0.00000000e+00,71768522513675,71768523170242
23,23,"Agent 2",1,564735,564735,10240,18,"ullm_paged_decode_attn_f32_kernel",256,1024,0,32,0,128,"GL2C_EA_RDREQ_32B",0.00000000e+00,71768522513675,71768523170242
23,23,"Agent 2",1,564735,564735,10240,18,"ullm_paged_decode_attn_f32_kernel",256,1024,0,32,0,128,"GL2C_EA_RDREQ_64B",0.00000000e+00,71768522513675,71768523170242
23,23,"Agent 2",1,564735,564735,10240,18,"ullm_paged_decode_attn_f32_kernel",256,1024,0,32,0,128,"SQ_INSTS_VALU",0.00000000e+00,71768522513675,71768523170242
23,23,"Agent 2",1,564735,564735,10240,18,"ullm_paged_decode_attn_f32_kernel",256,1024,0,32,0,128,"SQ_WAVES",4800.000000,71768522513675,71768523170242
24,24,"Agent 2",1,564735,564735,10240,18,"ullm_paged_decode_attn_f32_kernel",256,1024,0,32,0,128,"GL2C_EA_RDREQ_128B",0.00000000e+00,71768524650259,71768525283066
24,24,"Agent 2",1,564735,564735,10240,18,"ullm_paged_decode_attn_f32_kernel",256,1024,0,32,0,128,"GL2C_EA_RDREQ_32B",0.00000000e+00,71768524650259,71768525283066
24,24,"Agent 2",1,564735,564735,10240,18,"ullm_paged_decode_attn_f32_kernel",256,1024,0,32,0,128,"GL2C_EA_RDREQ_64B",0.00000000e+00,71768524650259,71768525283066
24,24,"Agent 2",1,564735,564735,10240,18,"ullm_paged_decode_attn_f32_kernel",256,1024,0,32,0,128,"SQ_INSTS_VALU",0.00000000e+00,71768524650259,71768525283066
24,24,"Agent 2",1,564735,564735,10240,18,"ullm_paged_decode_attn_f32_kernel",256,1024,0,32,0,128,"SQ_WAVES",576.000000,71768524650259,71768525283066
25,25,"Agent 2",1,564735,564735,10240,18,"ullm_paged_decode_attn_f32_kernel",256,1024,0,32,0,128,"GL2C_EA_RDREQ_128B",0.00000000e+00,71768527596350,71768528300559
25,25,"Agent 2",1,564735,564735,10240,18,"ullm_paged_decode_attn_f32_kernel",256,1024,0,32,0,128,"GL2C_EA_RDREQ_32B",0.00000000e+00,71768527596350,71768528300559
25,25,"Agent 2",1,564735,564735,10240,18,"ullm_paged_decode_attn_f32_kernel",256,1024,0,32,0,128,"GL2C_EA_RDREQ_64B",0.00000000e+00,71768527596350,71768528300559
25,25,"Agent 2",1,564735,564735,10240,18,"ullm_paged_decode_attn_f32_kernel",256,1024,0,32,0,128,"SQ_INSTS_VALU",0.00000000e+00,71768527596350,71768528300559
25,25,"Agent 2",1,564735,564735,10240,18,"ullm_paged_decode_attn_f32_kernel",256,1024,0,32,0,128,"SQ_WAVES",51672.000000,71768527596350,71768528300559
26,26,"Agent 2",1,564735,564735,10240,18,"ullm_paged_decode_attn_f32_kernel",256,1024,0,32,0,128,"GL2C_EA_RDREQ_128B",0.00000000e+00,71768530928310,71768531661879
26,26,"Agent 2",1,564735,564735,10240,18,"ullm_paged_decode_attn_f32_kernel",256,1024,0,32,0,128,"GL2C_EA_RDREQ_32B",0.00000000e+00,71768530928310,71768531661879
26,26,"Agent 2",1,564735,564735,10240,18,"ullm_paged_decode_attn_f32_kernel",256,1024,0,32,0,128,"GL2C_EA_RDREQ_64B",0.00000000e+00,71768530928310,71768531661879
26,26,"Agent 2",1,564735,564735,10240,18,"ullm_paged_decode_attn_f32_kernel",256,1024,0,32,0,128,"SQ_INSTS_VALU",0.00000000e+00,71768530928310,71768531661879
26,26,"Agent 2",1,564735,564735,10240,18,"ullm_paged_decode_attn_f32_kernel",256,1024,0,32,0,128,"SQ_WAVES",44312.000000,71768530928310,71768531661879
27,27,"Agent 2",1,564735,564735,10240,18,"ullm_paged_decode_attn_f32_kernel",256,1024,0,32,0,128,"GL2C_EA_RDREQ_128B",0.00000000e+00,71768534781357,71768535465765
27,27,"Agent 2",1,564735,564735,10240,18,"ullm_paged_decode_attn_f32_kernel",256,1024,0,32,0,128,"GL2C_EA_RDREQ_32B",0.00000000e+00,71768534781357,71768535465765
27,27,"Agent 2",1,564735,564735,10240,18,"ullm_paged_decode_attn_f32_kernel",256,1024,0,32,0,128,"GL2C_EA_RDREQ_64B",0.00000000e+00,71768534781357,71768535465765
27,27,"Agent 2",1,564735,564735,10240,18,"ullm_paged_decode_attn_f32_kernel",256,1024,0,32,0,128,"SQ_INSTS_VALU",0.00000000e+00,71768534781357,71768535465765
27,27,"Agent 2",1,564735,564735,10240,18,"ullm_paged_decode_attn_f32_kernel",256,1024,0,32,0,128,"SQ_WAVES",8664.000000,71768534781357,71768535465765
28,28,"Agent 2",1,564735,564735,10240,18,"ullm_paged_decode_attn_f32_kernel",256,1024,0,32,0,128,"GL2C_EA_RDREQ_128B",0.00000000e+00,71768537265748,71768537966636
28,28,"Agent 2",1,564735,564735,10240,18,"ullm_paged_decode_attn_f32_kernel",256,1024,0,32,0,128,"GL2C_EA_RDREQ_32B",0.00000000e+00,71768537265748,71768537966636
28,28,"Agent 2",1,564735,564735,10240,18,"ullm_paged_decode_attn_f32_kernel",256,1024,0,32,0,128,"GL2C_EA_RDREQ_64B",0.00000000e+00,71768537265748,71768537966636
28,28,"Agent 2",1,564735,564735,10240,18,"ullm_paged_decode_attn_f32_kernel",256,1024,0,32,0,128,"SQ_INSTS_VALU",0.00000000e+00,71768537265748,71768537966636
28,28,"Agent 2",1,564735,564735,10240,18,"ullm_paged_decode_attn_f32_kernel",256,1024,0,32,0,128,"SQ_WAVES",4800.000000,71768537265748,71768537966636
29,29,"Agent 2",1,564735,564735,10240,18,"ullm_paged_decode_attn_f32_kernel",256,1024,0,32,0,128,"GL2C_EA_RDREQ_128B",0.00000000e+00,71768540905312,71768541593361
29,29,"Agent 2",1,564735,564735,10240,18,"ullm_paged_decode_attn_f32_kernel",256,1024,0,32,0,128,"GL2C_EA_RDREQ_32B",0.00000000e+00,71768540905312,71768541593361
29,29,"Agent 2",1,564735,564735,10240,18,"ullm_paged_decode_attn_f32_kernel",256,1024,0,32,0,128,"GL2C_EA_RDREQ_64B",0.00000000e+00,71768540905312,71768541593361
29,29,"Agent 2",1,564735,564735,10240,18,"ullm_paged_decode_attn_f32_kernel",256,1024,0,32,0,128,"SQ_INSTS_VALU",0.00000000e+00,71768540905312,71768541593361
29,29,"Agent 2",1,564735,564735,10240,18,"ullm_paged_decode_attn_f32_kernel",256,1024,0,32,0,128,"SQ_WAVES",8456.000000,71768540905312,71768541593361
30,30,"Agent 2",1,564735,564735,10240,18,"ullm_paged_decode_attn_f32_kernel",256,1024,0,32,0,128,"GL2C_EA_RDREQ_128B",0.00000000e+00,71768543517144,71768544191872
30,30,"Agent 2",1,564735,564735,10240,18,"ullm_paged_decode_attn_f32_kernel",256,1024,0,32,0,128,"GL2C_EA_RDREQ_32B",0.00000000e+00,71768543517144,71768544191872
30,30,"Agent 2",1,564735,564735,10240,18,"ullm_paged_decode_attn_f32_kernel",256,1024,0,32,0,128,"GL2C_EA_RDREQ_64B",0.00000000e+00,71768543517144,71768544191872
30,30,"Agent 2",1,564735,564735,10240,18,"ullm_paged_decode_attn_f32_kernel",256,1024,0,32,0,128,"SQ_INSTS_VALU",0.00000000e+00,71768543517144,71768544191872
30,30,"Agent 2",1,564735,564735,10240,18,"ullm_paged_decode_attn_f32_kernel",256,1024,0,32,0,128,"SQ_WAVES",51520.000000,71768543517144,71768544191872
31,31,"Agent 2",1,564735,564735,10240,18,"ullm_paged_decode_attn_f32_kernel",256,1024,0,32,0,128,"GL2C_EA_RDREQ_128B",0.00000000e+00,71768547817517,71768548656567
31,31,"Agent 2",1,564735,564735,10240,18,"ullm_paged_decode_attn_f32_kernel",256,1024,0,32,0,128,"GL2C_EA_RDREQ_32B",0.00000000e+00,71768547817517,71768548656567
31,31,"Agent 2",1,564735,564735,10240,18,"ullm_paged_decode_attn_f32_kernel",256,1024,0,32,0,128,"GL2C_EA_RDREQ_64B",0.00000000e+00,71768547817517,71768548656567
31,31,"Agent 2",1,564735,564735,10240,18,"ullm_paged_decode_attn_f32_kernel",256,1024,0,32,0,128,"SQ_INSTS_VALU",0.00000000e+00,71768547817517,71768548656567
31,31,"Agent 2",1,564735,564735,10240,18,"ullm_paged_decode_attn_f32_kernel",256,1024,0,32,0,128,"SQ_WAVES",3448.000000,71768547817517,71768548656567
32,32,"Agent 2",1,564735,564735,10240,18,"ullm_paged_decode_attn_f32_kernel",256,1024,0,32,0,128,"GL2C_EA_RDREQ_128B",0.00000000e+00,71768549753821,71768550397669
32,32,"Agent 2",1,564735,564735,10240,18,"ullm_paged_decode_attn_f32_kernel",256,1024,0,32,0,128,"GL2C_EA_RDREQ_32B",0.00000000e+00,71768549753821,71768550397669
32,32,"Agent 2",1,564735,564735,10240,18,"ullm_paged_decode_attn_f32_kernel",256,1024,0,32,0,128,"GL2C_EA_RDREQ_64B",0.00000000e+00,71768549753821,71768550397669
32,32,"Agent 2",1,564735,564735,10240,18,"ullm_paged_decode_attn_f32_kernel",256,1024,0,32,0,128,"SQ_INSTS_VALU",0.00000000e+00,71768549753821,71768550397669
32,32,"Agent 2",1,564735,564735,10240,18,"ullm_paged_decode_attn_f32_kernel",256,1024,0,32,0,128,"SQ_WAVES",320.000000,71768549753821,71768550397669
33,33,"Agent 2",1,564735,564735,10240,18,"ullm_paged_decode_attn_f32_kernel",256,1024,0,32,0,128,"GL2C_EA_RDREQ_128B",0.00000000e+00,71768553366665,71768554044513
33,33,"Agent 2",1,564735,564735,10240,18,"ullm_paged_decode_attn_f32_kernel",256,1024,0,32,0,128,"GL2C_EA_RDREQ_32B",0.00000000e+00,71768553366665,71768554044513
33,33,"Agent 2",1,564735,564735,10240,18,"ullm_paged_decode_attn_f32_kernel",256,1024,0,32,0,128,"GL2C_EA_RDREQ_64B",0.00000000e+00,71768553366665,71768554044513
33,33,"Agent 2",1,564735,564735,10240,18,"ullm_paged_decode_attn_f32_kernel",256,1024,0,32,0,128,"SQ_INSTS_VALU",0.00000000e+00,71768553366665,71768554044513
33,33,"Agent 2",1,564735,564735,10240,18,"ullm_paged_decode_attn_f32_kernel",256,1024,0,32,0,128,"SQ_WAVES",8272.000000,71768553366665,71768554044513
34,34,"Agent 2",1,564735,564735,10240,18,"ullm_paged_decode_attn_f32_kernel",256,1024,0,32,0,128,"GL2C_EA_RDREQ_128B",0.00000000e+00,71768554503399,71768555166047
34,34,"Agent 2",1,564735,564735,10240,18,"ullm_paged_decode_attn_f32_kernel",256,1024,0,32,0,128,"GL2C_EA_RDREQ_32B",0.00000000e+00,71768554503399,71768555166047
34,34,"Agent 2",1,564735,564735,10240,18,"ullm_paged_decode_attn_f32_kernel",256,1024,0,32,0,128,"GL2C_EA_RDREQ_64B",0.00000000e+00,71768554503399,71768555166047
34,34,"Agent 2",1,564735,564735,10240,18,"ullm_paged_decode_attn_f32_kernel",256,1024,0,32,0,128,"SQ_INSTS_VALU",0.00000000e+00,71768554503399,71768555166047
34,34,"Agent 2",1,564735,564735,10240,18,"ullm_paged_decode_attn_f32_kernel",256,1024,0,32,0,128,"SQ_WAVES",18728.000000,71768554503399,71768555166047
35,35,"Agent 2",1,564735,564735,10240,18,"ullm_paged_decode_attn_f32_kernel",256,1024,0,32,0,128,"GL2C_EA_RDREQ_128B",0.00000000e+00,71768556456823,71768557100031
35,35,"Agent 2",1,564735,564735,10240,18,"ullm_paged_decode_attn_f32_kernel",256,1024,0,32,0,128,"GL2C_EA_RDREQ_32B",0.00000000e+00,71768556456823,71768557100031
35,35,"Agent 2",1,564735,564735,10240,18,"ullm_paged_decode_attn_f32_kernel",256,1024,0,32,0,128,"GL2C_EA_RDREQ_64B",0.00000000e+00,71768556456823,71768557100031
35,35,"Agent 2",1,564735,564735,10240,18,"ullm_paged_decode_attn_f32_kernel",256,1024,0,32,0,128,"SQ_INSTS_VALU",0.00000000e+00,71768556456823,71768557100031
35,35,"Agent 2",1,564735,564735,10240,18,"ullm_paged_decode_attn_f32_kernel",256,1024,0,32,0,128,"SQ_WAVES",42520.000000,71768556456823,71768557100031
36,36,"Agent 2",1,564735,564735,10240,18,"ullm_paged_decode_attn_f32_kernel",256,1024,0,32,0,128,"GL2C_EA_RDREQ_128B",0.00000000e+00,71768557585077,71768558283205
36,36,"Agent 2",1,564735,564735,10240,18,"ullm_paged_decode_attn_f32_kernel",256,1024,0,32,0,128,"GL2C_EA_RDREQ_32B",0.00000000e+00,71768557585077,71768558283205
36,36,"Agent 2",1,564735,564735,10240,18,"ullm_paged_decode_attn_f32_kernel",256,1024,0,32,0,128,"GL2C_EA_RDREQ_64B",0.00000000e+00,71768557585077,71768558283205
36,36,"Agent 2",1,564735,564735,10240,18,"ullm_paged_decode_attn_f32_kernel",256,1024,0,32,0,128,"SQ_INSTS_VALU",0.00000000e+00,71768557585077,71768558283205
36,36,"Agent 2",1,564735,564735,10240,18,"ullm_paged_decode_attn_f32_kernel",256,1024,0,32,0,128,"SQ_WAVES",22224.000000,71768557585077,71768558283205
37,37,"Agent 2",1,564735,564735,10240,18,"ullm_paged_decode_attn_f32_kernel",256,1024,0,32,0,128,"GL2C_EA_RDREQ_128B",0.00000000e+00,71768560949398,71768561694407
37,37,"Agent 2",1,564735,564735,10240,18,"ullm_paged_decode_attn_f32_kernel",256,1024,0,32,0,128,"GL2C_EA_RDREQ_32B",0.00000000e+00,71768560949398,71768561694407
37,37,"Agent 2",1,564735,564735,10240,18,"ullm_paged_decode_attn_f32_kernel",256,1024,0,32,0,128,"GL2C_EA_RDREQ_64B",0.00000000e+00,71768560949398,71768561694407
37,37,"Agent 2",1,564735,564735,10240,18,"ullm_paged_decode_attn_f32_kernel",256,1024,0,32,0,128,"SQ_INSTS_VALU",0.00000000e+00,71768560949398,71768561694407
37,37,"Agent 2",1,564735,564735,10240,18,"ullm_paged_decode_attn_f32_kernel",256,1024,0,32,0,128,"SQ_WAVES",40448.000000,71768560949398,71768561694407
38,38,"Agent 2",1,564735,564735,10240,18,"ullm_paged_decode_attn_f32_kernel",256,1024,0,32,0,128,"GL2C_EA_RDREQ_128B",0.00000000e+00,71768564424041,71768565120569
38,38,"Agent 2",1,564735,564735,10240,18,"ullm_paged_decode_attn_f32_kernel",256,1024,0,32,0,128,"GL2C_EA_RDREQ_32B",0.00000000e+00,71768564424041,71768565120569
38,38,"Agent 2",1,564735,564735,10240,18,"ullm_paged_decode_attn_f32_kernel",256,1024,0,32,0,128,"GL2C_EA_RDREQ_64B",0.00000000e+00,71768564424041,71768565120569
38,38,"Agent 2",1,564735,564735,10240,18,"ullm_paged_decode_attn_f32_kernel",256,1024,0,32,0,128,"SQ_INSTS_VALU",0.00000000e+00,71768564424041,71768565120569
38,38,"Agent 2",1,564735,564735,10240,18,"ullm_paged_decode_attn_f32_kernel",256,1024,0,32,0,128,"SQ_WAVES",8648.000000,71768564424041,71768565120569
39,39,"Agent 2",1,564735,564735,10240,18,"ullm_paged_decode_attn_f32_kernel",256,1024,0,32,0,128,"GL2C_EA_RDREQ_128B",0.00000000e+00,71768567171074,71768567847323
39,39,"Agent 2",1,564735,564735,10240,18,"ullm_paged_decode_attn_f32_kernel",256,1024,0,32,0,128,"GL2C_EA_RDREQ_32B",0.00000000e+00,71768567171074,71768567847323
39,39,"Agent 2",1,564735,564735,10240,18,"ullm_paged_decode_attn_f32_kernel",256,1024,0,32,0,128,"GL2C_EA_RDREQ_64B",0.00000000e+00,71768567171074,71768567847323
39,39,"Agent 2",1,564735,564735,10240,18,"ullm_paged_decode_attn_f32_kernel",256,1024,0,32,0,128,"SQ_INSTS_VALU",0.00000000e+00,71768567171074,71768567847323
39,39,"Agent 2",1,564735,564735,10240,18,"ullm_paged_decode_attn_f32_kernel",256,1024,0,32,0,128,"SQ_WAVES",4104.000000,71768567171074,71768567847323
40,40,"Agent 2",1,564735,564735,10240,18,"ullm_paged_decode_attn_f32_kernel",256,1024,0,32,0,128,"GL2C_EA_RDREQ_128B",0.00000000e+00,71768570511355,71768571167203
40,40,"Agent 2",1,564735,564735,10240,18,"ullm_paged_decode_attn_f32_kernel",256,1024,0,32,0,128,"GL2C_EA_RDREQ_32B",0.00000000e+00,71768570511355,71768571167203
40,40,"Agent 2",1,564735,564735,10240,18,"ullm_paged_decode_attn_f32_kernel",256,1024,0,32,0,128,"GL2C_EA_RDREQ_64B",0.00000000e+00,71768570511355,71768571167203
40,40,"Agent 2",1,564735,564735,10240,18,"ullm_paged_decode_attn_f32_kernel",256,1024,0,32,0,128,"SQ_INSTS_VALU",0.00000000e+00,71768570511355,71768571167203
40,40,"Agent 2",1,564735,564735,10240,18,"ullm_paged_decode_attn_f32_kernel",256,1024,0,32,0,128,"SQ_WAVES",8440.000000,71768570511355,71768571167203
41,41,"Agent 2",1,564735,564735,10240,18,"ullm_paged_decode_attn_f32_kernel",256,1024,0,32,0,128,"GL2C_EA_RDREQ_128B",0.00000000e+00,71768573291549,71768573976358
41,41,"Agent 2",1,564735,564735,10240,18,"ullm_paged_decode_attn_f32_kernel",256,1024,0,32,0,128,"GL2C_EA_RDREQ_32B",0.00000000e+00,71768573291549,71768573976358
41,41,"Agent 2",1,564735,564735,10240,18,"ullm_paged_decode_attn_f32_kernel",256,1024,0,32,0,128,"GL2C_EA_RDREQ_64B",0.00000000e+00,71768573291549,71768573976358
41,41,"Agent 2",1,564735,564735,10240,18,"ullm_paged_decode_attn_f32_kernel",256,1024,0,32,0,128,"SQ_INSTS_VALU",0.00000000e+00,71768573291549,71768573976358
41,41,"Agent 2",1,564735,564735,10240,18,"ullm_paged_decode_attn_f32_kernel",256,1024,0,32,0,128,"SQ_WAVES",53136.000000,71768573291549,71768573976358
42,42,"Agent 2",1,564735,564735,10240,18,"ullm_paged_decode_attn_f32_kernel",256,1024,0,32,0,128,"GL2C_EA_RDREQ_128B",0.00000000e+00,71768577257518,71768578015647
42,42,"Agent 2",1,564735,564735,10240,18,"ullm_paged_decode_attn_f32_kernel",256,1024,0,32,0,128,"GL2C_EA_RDREQ_32B",0.00000000e+00,71768577257518,71768578015647
42,42,"Agent 2",1,564735,564735,10240,18,"ullm_paged_decode_attn_f32_kernel",256,1024,0,32,0,128,"GL2C_EA_RDREQ_64B",0.00000000e+00,71768577257518,71768578015647
42,42,"Agent 2",1,564735,564735,10240,18,"ullm_paged_decode_attn_f32_kernel",256,1024,0,32,0,128,"SQ_INSTS_VALU",0.00000000e+00,71768577257518,71768578015647
42,42,"Agent 2",1,564735,564735,10240,18,"ullm_paged_decode_attn_f32_kernel",256,1024,0,32,0,128,"SQ_WAVES",3384.000000,71768577257518,71768578015647
43,43,"Agent 2",1,564735,564735,10240,18,"ullm_paged_decode_attn_f32_kernel",256,1024,0,32,0,128,"GL2C_EA_RDREQ_128B",0.00000000e+00,71768579528426,71768580173514
43,43,"Agent 2",1,564735,564735,10240,18,"ullm_paged_decode_attn_f32_kernel",256,1024,0,32,0,128,"GL2C_EA_RDREQ_32B",0.00000000e+00,71768579528426,71768580173514
43,43,"Agent 2",1,564735,564735,10240,18,"ullm_paged_decode_attn_f32_kernel",256,1024,0,32,0,128,"GL2C_EA_RDREQ_64B",0.00000000e+00,71768579528426,71768580173514
43,43,"Agent 2",1,564735,564735,10240,18,"ullm_paged_decode_attn_f32_kernel",256,1024,0,32,0,128,"SQ_INSTS_VALU",0.00000000e+00,71768579528426,71768580173514
43,43,"Agent 2",1,564735,564735,10240,18,"ullm_paged_decode_attn_f32_kernel",256,1024,0,32,0,128,"SQ_WAVES",320.000000,71768579528426,71768580173514
44,44,"Agent 2",1,564735,564735,10240,18,"ullm_paged_decode_attn_f32_kernel",256,1024,0,32,0,128,"GL2C_EA_RDREQ_128B",0.00000000e+00,71768582225419,71768582910747
44,44,"Agent 2",1,564735,564735,10240,18,"ullm_paged_decode_attn_f32_kernel",256,1024,0,32,0,128,"GL2C_EA_RDREQ_32B",0.00000000e+00,71768582225419,71768582910747
44,44,"Agent 2",1,564735,564735,10240,18,"ullm_paged_decode_attn_f32_kernel",256,1024,0,32,0,128,"GL2C_EA_RDREQ_64B",0.00000000e+00,71768582225419,71768582910747
44,44,"Agent 2",1,564735,564735,10240,18,"ullm_paged_decode_attn_f32_kernel",256,1024,0,32,0,128,"SQ_INSTS_VALU",0.00000000e+00,71768582225419,71768582910747
44,44,"Agent 2",1,564735,564735,10240,18,"ullm_paged_decode_attn_f32_kernel",256,1024,0,32,0,128,"SQ_WAVES",8744.000000,71768582225419,71768582910747
45,45,"Agent 2",1,564735,564735,10240,18,"ullm_paged_decode_attn_f32_kernel",256,1024,0,32,0,128,"GL2C_EA_RDREQ_128B",0.00000000e+00,71768584227324,71768584880452
45,45,"Agent 2",1,564735,564735,10240,18,"ullm_paged_decode_attn_f32_kernel",256,1024,0,32,0,128,"GL2C_EA_RDREQ_32B",0.00000000e+00,71768584227324,71768584880452
45,45,"Agent 2",1,564735,564735,10240,18,"ullm_paged_decode_attn_f32_kernel",256,1024,0,32,0,128,"GL2C_EA_RDREQ_64B",0.00000000e+00,71768584227324,71768584880452
45,45,"Agent 2",1,564735,564735,10240,18,"ullm_paged_decode_attn_f32_kernel",256,1024,0,32,0,128,"SQ_INSTS_VALU",0.00000000e+00,71768584227324,71768584880452
45,45,"Agent 2",1,564735,564735,10240,18,"ullm_paged_decode_attn_f32_kernel",256,1024,0,32,0,128,"SQ_WAVES",4416.000000,71768584227324,71768584880452
46,46,"Agent 2",1,564735,564735,10240,18,"ullm_paged_decode_attn_f32_kernel",256,1024,0,32,0,128,"GL2C_EA_RDREQ_128B",0.00000000e+00,71768586397110,71768587029478
46,46,"Agent 2",1,564735,564735,10240,18,"ullm_paged_decode_attn_f32_kernel",256,1024,0,32,0,128,"GL2C_EA_RDREQ_32B",0.00000000e+00,71768586397110,71768587029478
46,46,"Agent 2",1,564735,564735,10240,18,"ullm_paged_decode_attn_f32_kernel",256,1024,0,32,0,128,"GL2C_EA_RDREQ_64B",0.00000000e+00,71768586397110,71768587029478
46,46,"Agent 2",1,564735,564735,10240,18,"ullm_paged_decode_attn_f32_kernel",256,1024,0,32,0,128,"SQ_INSTS_VALU",0.00000000e+00,71768586397110,71768587029478
46,46,"Agent 2",1,564735,564735,10240,18,"ullm_paged_decode_attn_f32_kernel",256,1024,0,32,0,128,"SQ_WAVES",576.000000,71768586397110,71768587029478
47,47,"Agent 2",1,564735,564735,10240,18,"ullm_paged_decode_attn_f32_kernel",256,1024,0,32,0,128,"GL2C_EA_RDREQ_128B",0.00000000e+00,71768589445828,71768590130916
47,47,"Agent 2",1,564735,564735,10240,18,"ullm_paged_decode_attn_f32_kernel",256,1024,0,32,0,128,"GL2C_EA_RDREQ_32B",0.00000000e+00,71768589445828,71768590130916
47,47,"Agent 2",1,564735,564735,10240,18,"ullm_paged_decode_attn_f32_kernel",256,1024,0,32,0,128,"GL2C_EA_RDREQ_64B",0.00000000e+00,71768589445828,71768590130916
47,47,"Agent 2",1,564735,564735,10240,18,"ullm_paged_decode_attn_f32_kernel",256,1024,0,32,0,128,"SQ_INSTS_VALU",0.00000000e+00,71768589445828,71768590130916
47,47,"Agent 2",1,564735,564735,10240,18,"ullm_paged_decode_attn_f32_kernel",256,1024,0,32,0,128,"SQ_WAVES",50712.000000,71768589445828,71768590130916
48,48,"Agent 2",1,564735,564735,10240,18,"ullm_paged_decode_attn_f32_kernel",256,1024,0,32,0,128,"GL2C_EA_RDREQ_128B",0.00000000e+00,71768592430843,71768593114291
48,48,"Agent 2",1,564735,564735,10240,18,"ullm_paged_decode_attn_f32_kernel",256,1024,0,32,0,128,"GL2C_EA_RDREQ_32B",0.00000000e+00,71768592430843,71768593114291
48,48,"Agent 2",1,564735,564735,10240,18,"ullm_paged_decode_attn_f32_kernel",256,1024,0,32,0,128,"GL2C_EA_RDREQ_64B",0.00000000e+00,71768592430843,71768593114291
48,48,"Agent 2",1,564735,564735,10240,18,"ullm_paged_decode_attn_f32_kernel",256,1024,0,32,0,128,"SQ_INSTS_VALU",0.00000000e+00,71768592430843,71768593114291
48,48,"Agent 2",1,564735,564735,10240,18,"ullm_paged_decode_attn_f32_kernel",256,1024,0,32,0,128,"SQ_WAVES",37312.000000,71768592430843,71768593114291
49,49,"Agent 2",1,564735,564735,10240,18,"ullm_paged_decode_attn_f32_kernel",256,1024,0,32,0,128,"GL2C_EA_RDREQ_128B",0.00000000e+00,71768595544917,71768596218324
49,49,"Agent 2",1,564735,564735,10240,18,"ullm_paged_decode_attn_f32_kernel",256,1024,0,32,0,128,"GL2C_EA_RDREQ_32B",0.00000000e+00,71768595544917,71768596218324
49,49,"Agent 2",1,564735,564735,10240,18,"ullm_paged_decode_attn_f32_kernel",256,1024,0,32,0,128,"GL2C_EA_RDREQ_64B",0.00000000e+00,71768595544917,71768596218324
49,49,"Agent 2",1,564735,564735,10240,18,"ullm_paged_decode_attn_f32_kernel",256,1024,0,32,0,128,"SQ_INSTS_VALU",0.00000000e+00,71768595544917,71768596218324
49,49,"Agent 2",1,564735,564735,10240,18,"ullm_paged_decode_attn_f32_kernel",256,1024,0,32,0,128,"SQ_WAVES",8048.000000,71768595544917,71768596218324
50,50,"Agent 2",1,564735,564735,10240,18,"ullm_paged_decode_attn_f32_kernel",256,1024,0,32,0,128,"GL2C_EA_RDREQ_128B",0.00000000e+00,71768598797112,71768599478200
50,50,"Agent 2",1,564735,564735,10240,18,"ullm_paged_decode_attn_f32_kernel",256,1024,0,32,0,128,"GL2C_EA_RDREQ_32B",0.00000000e+00,71768598797112,71768599478200
50,50,"Agent 2",1,564735,564735,10240,18,"ullm_paged_decode_attn_f32_kernel",256,1024,0,32,0,128,"GL2C_EA_RDREQ_64B",0.00000000e+00,71768598797112,71768599478200
50,50,"Agent 2",1,564735,564735,10240,18,"ullm_paged_decode_attn_f32_kernel",256,1024,0,32,0,128,"SQ_INSTS_VALU",0.00000000e+00,71768598797112,71768599478200
50,50,"Agent 2",1,564735,564735,10240,18,"ullm_paged_decode_attn_f32_kernel",256,1024,0,32,0,128,"SQ_WAVES",7504.000000,71768598797112,71768599478200
51,51,"Agent 2",1,564735,564735,10240,18,"ullm_paged_decode_attn_f32_kernel",256,1024,0,32,0,128,"GL2C_EA_RDREQ_128B",0.00000000e+00,71768599609801,71768600275849
51,51,"Agent 2",1,564735,564735,10240,18,"ullm_paged_decode_attn_f32_kernel",256,1024,0,32,0,128,"GL2C_EA_RDREQ_32B",0.00000000e+00,71768599609801,71768600275849
51,51,"Agent 2",1,564735,564735,10240,18,"ullm_paged_decode_attn_f32_kernel",256,1024,0,32,0,128,"GL2C_EA_RDREQ_64B",0.00000000e+00,71768599609801,71768600275849
51,51,"Agent 2",1,564735,564735,10240,18,"ullm_paged_decode_attn_f32_kernel",256,1024,0,32,0,128,"SQ_INSTS_VALU",0.00000000e+00,71768599609801,71768600275849
51,51,"Agent 2",1,564735,564735,10240,18,"ullm_paged_decode_attn_f32_kernel",256,1024,0,32,0,128,"SQ_WAVES",5760.000000,71768599609801,71768600275849
52,52,"Agent 2",1,564735,564735,10240,18,"ullm_paged_decode_attn_f32_kernel",256,1024,0,32,0,128,"GL2C_EA_RDREQ_128B",0.00000000e+00,71768602810957,71768603468404
52,52,"Agent 2",1,564735,564735,10240,18,"ullm_paged_decode_attn_f32_kernel",256,1024,0,32,0,128,"GL2C_EA_RDREQ_32B",0.00000000e+00,71768602810957,71768603468404
52,52,"Agent 2",1,564735,564735,10240,18,"ullm_paged_decode_attn_f32_kernel",256,1024,0,32,0,128,"GL2C_EA_RDREQ_64B",0.00000000e+00,71768602810957,71768603468404
52,52,"Agent 2",1,564735,564735,10240,18,"ullm_paged_decode_attn_f32_kernel",256,1024,0,32,0,128,"SQ_INSTS_VALU",0.00000000e+00,71768602810957,71768603468404
52,52,"Agent 2",1,564735,564735,10240,18,"ullm_paged_decode_attn_f32_kernel",256,1024,0,32,0,128,"SQ_WAVES",8296.000000,71768602810957,71768603468404
53,53,"Agent 2",1,564735,564735,10240,18,"ullm_paged_decode_attn_f32_kernel",256,1024,0,32,0,128,"GL2C_EA_RDREQ_128B",0.00000000e+00,71768605643668,71768606306315
53,53,"Agent 2",1,564735,564735,10240,18,"ullm_paged_decode_attn_f32_kernel",256,1024,0,32,0,128,"GL2C_EA_RDREQ_32B",0.00000000e+00,71768605643668,71768606306315
53,53,"Agent 2",1,564735,564735,10240,18,"ullm_paged_decode_attn_f32_kernel",256,1024,0,32,0,128,"GL2C_EA_RDREQ_64B",0.00000000e+00,71768605643668,71768606306315
53,53,"Agent 2",1,564735,564735,10240,18,"ullm_paged_decode_attn_f32_kernel",256,1024,0,32,0,128,"SQ_INSTS_VALU",0.00000000e+00,71768605643668,71768606306315
53,53,"Agent 2",1,564735,564735,10240,18,"ullm_paged_decode_attn_f32_kernel",256,1024,0,32,0,128,"SQ_WAVES",51520.000000,71768605643668,71768606306315
54,54,"Agent 2",1,564735,564735,10240,18,"ullm_paged_decode_attn_f32_kernel",256,1024,0,32,0,128,"GL2C_EA_RDREQ_128B",0.00000000e+00,71768609930795,71768610829285
54,54,"Agent 2",1,564735,564735,10240,18,"ullm_paged_decode_attn_f32_kernel",256,1024,0,32,0,128,"GL2C_EA_RDREQ_32B",0.00000000e+00,71768609930795,71768610829285
54,54,"Agent 2",1,564735,564735,10240,18,"ullm_paged_decode_attn_f32_kernel",256,1024,0,32,0,128,"GL2C_EA_RDREQ_64B",0.00000000e+00,71768609930795,71768610829285
54,54,"Agent 2",1,564735,564735,10240,18,"ullm_paged_decode_attn_f32_kernel",256,1024,0,32,0,128,"SQ_INSTS_VALU",0.00000000e+00,71768609930795,71768610829285
54,54,"Agent 2",1,564735,564735,10240,18,"ullm_paged_decode_attn_f32_kernel",256,1024,0,32,0,128,"SQ_WAVES",3344.000000,71768609930795,71768610829285
55,55,"Agent 2",1,564735,564735,10240,18,"ullm_paged_decode_attn_f32_kernel",256,1024,0,32,0,128,"GL2C_EA_RDREQ_128B",0.00000000e+00,71768611895377,71768612559904
55,55,"Agent 2",1,564735,564735,10240,18,"ullm_paged_decode_attn_f32_kernel",256,1024,0,32,0,128,"GL2C_EA_RDREQ_32B",0.00000000e+00,71768611895377,71768612559904
55,55,"Agent 2",1,564735,564735,10240,18,"ullm_paged_decode_attn_f32_kernel",256,1024,0,32,0,128,"GL2C_EA_RDREQ_64B",0.00000000e+00,71768611895377,71768612559904
55,55,"Agent 2",1,564735,564735,10240,18,"ullm_paged_decode_attn_f32_kernel",256,1024,0,32,0,128,"SQ_INSTS_VALU",0.00000000e+00,71768611895377,71768612559904
55,55,"Agent 2",1,564735,564735,10240,18,"ullm_paged_decode_attn_f32_kernel",256,1024,0,32,0,128,"SQ_WAVES",22336.000000,71768611895377,71768612559904
56,56,"Agent 2",1,564735,564735,10240,18,"ullm_paged_decode_attn_f32_kernel",256,1024,0,32,0,128,"GL2C_EA_RDREQ_128B",0.00000000e+00,71768615352215,71768616047183
56,56,"Agent 2",1,564735,564735,10240,18,"ullm_paged_decode_attn_f32_kernel",256,1024,0,32,0,128,"GL2C_EA_RDREQ_32B",0.00000000e+00,71768615352215,71768616047183
56,56,"Agent 2",1,564735,564735,10240,18,"ullm_paged_decode_attn_f32_kernel",256,1024,0,32,0,128,"GL2C_EA_RDREQ_64B",0.00000000e+00,71768615352215,71768616047183
56,56,"Agent 2",1,564735,564735,10240,18,"ullm_paged_decode_attn_f32_kernel",256,1024,0,32,0,128,"SQ_INSTS_VALU",0.00000000e+00,71768615352215,71768616047183
56,56,"Agent 2",1,564735,564735,10240,18,"ullm_paged_decode_attn_f32_kernel",256,1024,0,32,0,128,"SQ_WAVES",8624.000000,71768615352215,71768616047183
57,57,"Agent 2",1,564735,564735,10240,18,"ullm_paged_decode_attn_f32_kernel",256,1024,0,32,0,128,"GL2C_EA_RDREQ_128B",0.00000000e+00,71768616358906,71768617016554
57,57,"Agent 2",1,564735,564735,10240,18,"ullm_paged_decode_attn_f32_kernel",256,1024,0,32,0,128,"GL2C_EA_RDREQ_32B",0.00000000e+00,71768616358906,71768617016554
57,57,"Agent 2",1,564735,564735,10240,18,"ullm_paged_decode_attn_f32_kernel",256,1024,0,32,0,128,"GL2C_EA_RDREQ_64B",0.00000000e+00,71768616358906,71768617016554
57,57,"Agent 2",1,564735,564735,10240,18,"ullm_paged_decode_attn_f32_kernel",256,1024,0,32,0,128,"SQ_INSTS_VALU",0.00000000e+00,71768616358906,71768617016554
57,57,"Agent 2",1,564735,564735,10240,18,"ullm_paged_decode_attn_f32_kernel",256,1024,0,32,0,128,"SQ_WAVES",4288.000000,71768616358906,71768617016554
58,58,"Agent 2",1,564735,564735,10240,18,"ullm_paged_decode_attn_f32_kernel",256,1024,0,32,0,128,"GL2C_EA_RDREQ_128B",0.00000000e+00,71768618469290,71768619111297
58,58,"Agent 2",1,564735,564735,10240,18,"ullm_paged_decode_attn_f32_kernel",256,1024,0,32,0,128,"GL2C_EA_RDREQ_32B",0.00000000e+00,71768618469290,71768619111297
58,58,"Agent 2",1,564735,564735,10240,18,"ullm_paged_decode_attn_f32_kernel",256,1024,0,32,0,128,"GL2C_EA_RDREQ_64B",0.00000000e+00,71768618469290,71768619111297
58,58,"Agent 2",1,564735,564735,10240,18,"ullm_paged_decode_attn_f32_kernel",256,1024,0,32,0,128,"SQ_INSTS_VALU",0.00000000e+00,71768618469290,71768619111297
58,58,"Agent 2",1,564735,564735,10240,18,"ullm_paged_decode_attn_f32_kernel",256,1024,0,32,0,128,"SQ_WAVES",576.000000,71768618469290,71768619111297
59,59,"Agent 2",1,564735,564735,10240,18,"ullm_paged_decode_attn_f32_kernel",256,1024,0,32,0,128,"GL2C_EA_RDREQ_128B",0.00000000e+00,71768619376700,71768620111148
59,59,"Agent 2",1,564735,564735,10240,18,"ullm_paged_decode_attn_f32_kernel",256,1024,0,32,0,128,"GL2C_EA_RDREQ_32B",0.00000000e+00,71768619376700,71768620111148
59,59,"Agent 2",1,564735,564735,10240,18,"ullm_paged_decode_attn_f32_kernel",256,1024,0,32,0,128,"GL2C_EA_RDREQ_64B",0.00000000e+00,71768619376700,71768620111148
59,59,"Agent 2",1,564735,564735,10240,18,"ullm_paged_decode_attn_f32_kernel",256,1024,0,32,0,128,"SQ_INSTS_VALU",0.00000000e+00,71768619376700,71768620111148
59,59,"Agent 2",1,564735,564735,10240,18,"ullm_paged_decode_attn_f32_kernel",256,1024,0,32,0,128,"SQ_WAVES",6280.000000,71768619376700,71768620111148
60,60,"Agent 2",1,564735,564735,10240,18,"ullm_paged_decode_attn_f32_kernel",256,1024,0,32,0,128,"GL2C_EA_RDREQ_128B",0.00000000e+00,71768621642725,71768622332092
60,60,"Agent 2",1,564735,564735,10240,18,"ullm_paged_decode_attn_f32_kernel",256,1024,0,32,0,128,"GL2C_EA_RDREQ_32B",0.00000000e+00,71768621642725,71768622332092
60,60,"Agent 2",1,564735,564735,10240,18,"ullm_paged_decode_attn_f32_kernel",256,1024,0,32,0,128,"GL2C_EA_RDREQ_64B",0.00000000e+00,71768621642725,71768622332092
60,60,"Agent 2",1,564735,564735,10240,18,"ullm_paged_decode_attn_f32_kernel",256,1024,0,32,0,128,"SQ_INSTS_VALU",0.00000000e+00,71768621642725,71768622332092
60,60,"Agent 2",1,564735,564735,10240,18,"ullm_paged_decode_attn_f32_kernel",256,1024,0,32,0,128,"SQ_WAVES",50840.000000,71768621642725,71768622332092
61,61,"Agent 2",1,564735,564735,10240,18,"ullm_paged_decode_attn_f32_kernel",256,1024,0,32,0,128,"GL2C_EA_RDREQ_128B",0.00000000e+00,71768625011642,71768625719530
61,61,"Agent 2",1,564735,564735,10240,18,"ullm_paged_decode_attn_f32_kernel",256,1024,0,32,0,128,"GL2C_EA_RDREQ_32B",0.00000000e+00,71768625011642,71768625719530
61,61,"Agent 2",1,564735,564735,10240,18,"ullm_paged_decode_attn_f32_kernel",256,1024,0,32,0,128,"GL2C_EA_RDREQ_64B",0.00000000e+00,71768625011642,71768625719530
61,61,"Agent 2",1,564735,564735,10240,18,"ullm_paged_decode_attn_f32_kernel",256,1024,0,32,0,128,"SQ_INSTS_VALU",0.00000000e+00,71768625011642,71768625719530
61,61,"Agent 2",1,564735,564735,10240,18,"ullm_paged_decode_attn_f32_kernel",256,1024,0,32,0,128,"SQ_WAVES",43384.000000,71768625011642,71768625719530
62,62,"Agent 2",1,564735,564735,10240,18,"ullm_paged_decode_attn_f32_kernel",256,1024,0,32,0,128,"GL2C_EA_RDREQ_128B",0.00000000e+00,71768628745043,71768629434211
62,62,"Agent 2",1,564735,564735,10240,18,"ullm_paged_decode_attn_f32_kernel",256,1024,0,32,0,128,"GL2C_EA_RDREQ_32B",0.00000000e+00,71768628745043,71768629434211
62,62,"Agent 2",1,564735,564735,10240,18,"ullm_paged_decode_attn_f32_kernel",256,1024,0,32,0,128,"GL2C_EA_RDREQ_64B",0.00000000e+00,71768628745043,71768629434211
62,62,"Agent 2",1,564735,564735,10240,18,"ullm_paged_decode_attn_f32_kernel",256,1024,0,32,0,128,"SQ_INSTS_VALU",0.00000000e+00,71768628745043,71768629434211
62,62,"Agent 2",1,564735,564735,10240,18,"ullm_paged_decode_attn_f32_kernel",256,1024,0,32,0,128,"SQ_WAVES",8400.000000,71768628745043,71768629434211
63,63,"Agent 2",1,564735,564735,10240,18,"ullm_paged_decode_attn_f32_kernel",256,1024,0,32,0,128,"GL2C_EA_RDREQ_128B",0.00000000e+00,71768631394872,71768632084640
63,63,"Agent 2",1,564735,564735,10240,18,"ullm_paged_decode_attn_f32_kernel",256,1024,0,32,0,128,"GL2C_EA_RDREQ_32B",0.00000000e+00,71768631394872,71768632084640
63,63,"Agent 2",1,564735,564735,10240,18,"ullm_paged_decode_attn_f32_kernel",256,1024,0,32,0,128,"GL2C_EA_RDREQ_64B",0.00000000e+00,71768631394872,71768632084640
63,63,"Agent 2",1,564735,564735,10240,18,"ullm_paged_decode_attn_f32_kernel",256,1024,0,32,0,128,"SQ_INSTS_VALU",0.00000000e+00,71768631394872,71768632084640
63,63,"Agent 2",1,564735,564735,10240,18,"ullm_paged_decode_attn_f32_kernel",256,1024,0,32,0,128,"SQ_WAVES",4800.000000,71768631394872,71768632084640
64,64,"Agent 2",1,564735,564735,10240,18,"ullm_paged_decode_attn_f32_kernel",256,1024,0,32,0,128,"GL2C_EA_RDREQ_128B",0.00000000e+00,71768635046553,71768635730840
64,64,"Agent 2",1,564735,564735,10240,18,"ullm_paged_decode_attn_f32_kernel",256,1024,0,32,0,128,"GL2C_EA_RDREQ_32B",0.00000000e+00,71768635046553,71768635730840
64,64,"Agent 2",1,564735,564735,10240,18,"ullm_paged_decode_attn_f32_kernel",256,1024,0,32,0,128,"GL2C_EA_RDREQ_64B",0.00000000e+00,71768635046553,71768635730840
64,64,"Agent 2",1,564735,564735,10240,18,"ullm_paged_decode_attn_f32_kernel",256,1024,0,32,0,128,"SQ_INSTS_VALU",0.00000000e+00,71768635046553,71768635730840
64,64,"Agent 2",1,564735,564735,10240,18,"ullm_paged_decode_attn_f32_kernel",256,1024,0,32,0,128,"SQ_WAVES",8440.000000,71768635046553,71768635730840
65,65,"Agent 2",1,564735,564735,10240,18,"ullm_paged_decode_attn_f32_kernel",256,1024,0,32,0,128,"GL2C_EA_RDREQ_128B",0.00000000e+00,71768637605421,71768638272068
65,65,"Agent 2",1,564735,564735,10240,18,"ullm_paged_decode_attn_f32_kernel",256,1024,0,32,0,128,"GL2C_EA_RDREQ_32B",0.00000000e+00,71768637605421,71768638272068
65,65,"Agent 2",1,564735,564735,10240,18,"ullm_paged_decode_attn_f32_kernel",256,1024,0,32,0,128,"GL2C_EA_RDREQ_64B",0.00000000e+00,71768637605421,71768638272068
65,65,"Agent 2",1,564735,564735,10240,18,"ullm_paged_decode_attn_f32_kernel",256,1024,0,32,0,128,"SQ_INSTS_VALU",0.00000000e+00,71768637605421,71768638272068
65,65,"Agent 2",1,564735,564735,10240,18,"ullm_paged_decode_attn_f32_kernel",256,1024,0,32,0,128,"SQ_WAVES",51520.000000,71768637605421,71768638272068
66,66,"Agent 2",1,564735,564735,10240,18,"ullm_paged_decode_attn_f32_kernel",256,1024,0,32,0,128,"GL2C_EA_RDREQ_128B",0.00000000e+00,71768643424925,71768644231014
66,66,"Agent 2",1,564735,564735,10240,18,"ullm_paged_decode_attn_f32_kernel",256,1024,0,32,0,128,"GL2C_EA_RDREQ_32B",0.00000000e+00,71768643424925,71768644231014
66,66,"Agent 2",1,564735,564735,10240,18,"ullm_paged_decode_attn_f32_kernel",256,1024,0,32,0,128,"GL2C_EA_RDREQ_64B",0.00000000e+00,71768643424925,71768644231014
66,66,"Agent 2",1,564735,564735,10240,18,"ullm_paged_decode_attn_f32_kernel",256,1024,0,32,0,128,"SQ_INSTS_VALU",0.00000000e+00,71768643424925,71768644231014
66,66,"Agent 2",1,564735,564735,10240,18,"ullm_paged_decode_attn_f32_kernel",256,1024,0,32,0,128,"SQ_WAVES",1600.000000,71768643424925,71768644231014
67,67,"Agent 2",1,564735,564735,10240,18,"ullm_paged_decode_attn_f32_kernel",256,1024,0,32,0,128,"GL2C_EA_RDREQ_128B",0.00000000e+00,71768644557218,71768645238745
67,67,"Agent 2",1,564735,564735,10240,18,"ullm_paged_decode_attn_f32_kernel",256,1024,0,32,0,128,"GL2C_EA_RDREQ_32B",0.00000000e+00,71768644557218,71768645238745
67,67,"Agent 2",1,564735,564735,10240,18,"ullm_paged_decode_attn_f32_kernel",256,1024,0,32,0,128,"GL2C_EA_RDREQ_64B",0.00000000e+00,71768644557218,71768645238745
67,67,"Agent 2",1,564735,564735,10240,18,"ullm_paged_decode_attn_f32_kernel",256,1024,0,32,0,128,"SQ_INSTS_VALU",0.00000000e+00,71768644557218,71768645238745
67,67,"Agent 2",1,564735,564735,10240,18,"ullm_paged_decode_attn_f32_kernel",256,1024,0,32,0,128,"SQ_WAVES",6784.000000,71768644557218,71768645238745
68,68,"Agent 2",1,564735,564735,10240,18,"ullm_paged_decode_attn_f32_kernel",256,1024,0,32,0,128,"GL2C_EA_RDREQ_128B",0.00000000e+00,71768648215858,71768648902586
68,68,"Agent 2",1,564735,564735,10240,18,"ullm_paged_decode_attn_f32_kernel",256,1024,0,32,0,128,"GL2C_EA_RDREQ_32B",0.00000000e+00,71768648215858,71768648902586
68,68,"Agent 2",1,564735,564735,10240,18,"ullm_paged_decode_attn_f32_kernel",256,1024,0,32,0,128,"GL2C_EA_RDREQ_64B",0.00000000e+00,71768648215858,71768648902586
68,68,"Agent 2",1,564735,564735,10240,18,"ullm_paged_decode_attn_f32_kernel",256,1024,0,32,0,128,"SQ_INSTS_VALU",0.00000000e+00,71768648215858,71768648902586
68,68,"Agent 2",1,564735,564735,10240,18,"ullm_paged_decode_attn_f32_kernel",256,1024,0,32,0,128,"SQ_WAVES",7624.000000,71768648215858,71768648902586
69,69,"Agent 2",1,564735,564735,10240,18,"ullm_paged_decode_attn_f32_kernel",256,1024,0,32,0,128,"GL2C_EA_RDREQ_128B",0.00000000e+00,71768650596044,71768651235211
69,69,"Agent 2",1,564735,564735,10240,18,"ullm_paged_decode_attn_f32_kernel",256,1024,0,32,0,128,"GL2C_EA_RDREQ_32B",0.00000000e+00,71768650596044,71768651235211
69,69,"Agent 2",1,564735,564735,10240,18,"ullm_paged_decode_attn_f32_kernel",256,1024,0,32,0,128,"GL2C_EA_RDREQ_64B",0.00000000e+00,71768650596044,71768651235211
69,69,"Agent 2",1,564735,564735,10240,18,"ullm_paged_decode_attn_f32_kernel",256,1024,0,32,0,128,"SQ_INSTS_VALU",0.00000000e+00,71768650596044,71768651235211
69,69,"Agent 2",1,564735,564735,10240,18,"ullm_paged_decode_attn_f32_kernel",256,1024,0,32,0,128,"SQ_WAVES",576.000000,71768650596044,71768651235211
70,70,"Agent 2",1,564735,564735,10240,18,"ullm_paged_decode_attn_f32_kernel",256,1024,0,32,0,128,"GL2C_EA_RDREQ_128B",0.00000000e+00,71768651895019,71768653192353
70,70,"Agent 2",1,564735,564735,10240,18,"ullm_paged_decode_attn_f32_kernel",256,1024,0,32,0,128,"GL2C_EA_RDREQ_32B",0.00000000e+00,71768651895019,71768653192353
70,70,"Agent 2",1,564735,564735,10240,18,"ullm_paged_decode_attn_f32_kernel",256,1024,0,32,0,128,"GL2C_EA_RDREQ_64B",0.00000000e+00,71768651895019,71768653192353
70,70,"Agent 2",1,564735,564735,10240,18,"ullm_paged_decode_attn_f32_kernel",256,1024,0,32,0,128,"SQ_INSTS_VALU",0.00000000e+00,71768651895019,71768653192353
70,70,"Agent 2",1,564735,564735,10240,18,"ullm_paged_decode_attn_f32_kernel",256,1024,0,32,0,128,"SQ_WAVES",15776.000000,71768651895019,71768653192353
71,71,"Agent 2",1,564735,564735,10240,18,"ullm_paged_decode_attn_f32_kernel",256,1024,0,32,0,128,"GL2C_EA_RDREQ_128B",0.00000000e+00,71768653810160,71768654489207
71,71,"Agent 2",1,564735,564735,10240,18,"ullm_paged_decode_attn_f32_kernel",256,1024,0,32,0,128,"GL2C_EA_RDREQ_32B",0.00000000e+00,71768653810160,71768654489207
71,71,"Agent 2",1,564735,564735,10240,18,"ullm_paged_decode_attn_f32_kernel",256,1024,0,32,0,128,"GL2C_EA_RDREQ_64B",0.00000000e+00,71768653810160,71768654489207
71,71,"Agent 2",1,564735,564735,10240,18,"ullm_paged_decode_attn_f32_kernel",256,1024,0,32,0,128,"SQ_INSTS_VALU",0.00000000e+00,71768653810160,71768654489207
71,71,"Agent 2",1,564735,564735,10240,18,"ullm_paged_decode_attn_f32_kernel",256,1024,0,32,0,128,"SQ_WAVES",51544.000000,71768653810160,71768654489207
72,72,"Agent 2",1,564735,564735,10240,18,"ullm_paged_decode_attn_f32_kernel",256,1024,0,32,0,128,"GL2C_EA_RDREQ_128B",0.00000000e+00,71768656767410,71768657443217
72,72,"Agent 2",1,564735,564735,10240,18,"ullm_paged_decode_attn_f32_kernel",256,1024,0,32,0,128,"GL2C_EA_RDREQ_32B",0.00000000e+00,71768656767410,71768657443217
72,72,"Agent 2",1,564735,564735,10240,18,"ullm_paged_decode_attn_f32_kernel",256,1024,0,32,0,128,"GL2C_EA_RDREQ_64B",0.00000000e+00,71768656767410,71768657443217
72,72,"Agent 2",1,564735,564735,10240,18,"ullm_paged_decode_attn_f32_kernel",256,1024,0,32,0,128,"SQ_INSTS_VALU",0.00000000e+00,71768656767410,71768657443217
72,72,"Agent 2",1,564735,564735,10240,18,"ullm_paged_decode_attn_f32_kernel",256,1024,0,32,0,128,"SQ_WAVES",38696.000000,71768656767410,71768657443217
73,73,"Agent 2",1,564735,564735,10240,18,"ullm_paged_decode_attn_f32_kernel",256,1024,0,32,0,128,"GL2C_EA_RDREQ_128B",0.00000000e+00,71768659785322,71768660478530
73,73,"Agent 2",1,564735,564735,10240,18,"ullm_paged_decode_attn_f32_kernel",256,1024,0,32,0,128,"GL2C_EA_RDREQ_32B",0.00000000e+00,71768659785322,71768660478530
73,73,"Agent 2",1,564735,564735,10240,18,"ullm_paged_decode_attn_f32_kernel",256,1024,0,32,0,128,"GL2C_EA_RDREQ_64B",0.00000000e+00,71768659785322,71768660478530
73,73,"Agent 2",1,564735,564735,10240,18,"ullm_paged_decode_attn_f32_kernel",256,1024,0,32,0,128,"SQ_INSTS_VALU",0.00000000e+00,71768659785322,71768660478530
73,73,"Agent 2",1,564735,564735,10240,18,"ullm_paged_decode_attn_f32_kernel",256,1024,0,32,0,128,"SQ_WAVES",8384.000000,71768659785322,71768660478530
74,74,"Agent 2",1,564735,564735,10240,18,"ullm_paged_decode_attn_f32_kernel",256,1024,0,32,0,128,"GL2C_EA_RDREQ_128B",0.00000000e+00,71768663081598,71768663759325
74,74,"Agent 2",1,564735,564735,10240,18,"ullm_paged_decode_attn_f32_kernel",256,1024,0,32,0,128,"GL2C_EA_RDREQ_32B",0.00000000e+00,71768663081598,71768663759325
74,74,"Agent 2",1,564735,564735,10240,18,"ullm_paged_decode_attn_f32_kernel",256,1024,0,32,0,128,"GL2C_EA_RDREQ_64B",0.00000000e+00,71768663081598,71768663759325
74,74,"Agent 2",1,564735,564735,10240,18,"ullm_paged_decode_attn_f32_kernel",256,1024,0,32,0,128,"SQ_INSTS_VALU",0.00000000e+00,71768663081598,71768663759325
74,74,"Agent 2",1,564735,564735,10240,18,"ullm_paged_decode_attn_f32_kernel",256,1024,0,32,0,128,"SQ_WAVES",6664.000000,71768663081598,71768663759325
75,75,"Agent 2",1,564735,564735,10240,18,"ullm_paged_decode_attn_f32_kernel",256,1024,0,32,0,128,"GL2C_EA_RDREQ_128B",0.00000000e+00,71768667395325,71768668078693
75,75,"Agent 2",1,564735,564735,10240,18,"ullm_paged_decode_attn_f32_kernel",256,1024,0,32,0,128,"GL2C_EA_RDREQ_32B",0.00000000e+00,71768667395325,71768668078693
75,75,"Agent 2",1,564735,564735,10240,18,"ullm_paged_decode_attn_f32_kernel",256,1024,0,32,0,128,"GL2C_EA_RDREQ_64B",0.00000000e+00,71768667395325,71768668078693
75,75,"Agent 2",1,564735,564735,10240,18,"ullm_paged_decode_attn_f32_kernel",256,1024,0,32,0,128,"SQ_INSTS_VALU",0.00000000e+00,71768667395325,71768668078693
75,75,"Agent 2",1,564735,564735,10240,18,"ullm_paged_decode_attn_f32_kernel",256,1024,0,32,0,128,"SQ_WAVES",8512.000000,71768667395325,71768668078693
76,76,"Agent 2",1,564735,564735,10240,18,"ullm_paged_decode_attn_f32_kernel",256,1024,0,32,0,128,"GL2C_EA_RDREQ_128B",0.00000000e+00,71768669706030,71768670384638
76,76,"Agent 2",1,564735,564735,10240,18,"ullm_paged_decode_attn_f32_kernel",256,1024,0,32,0,128,"GL2C_EA_RDREQ_32B",0.00000000e+00,71768669706030,71768670384638
76,76,"Agent 2",1,564735,564735,10240,18,"ullm_paged_decode_attn_f32_kernel",256,1024,0,32,0,128,"GL2C_EA_RDREQ_64B",0.00000000e+00,71768669706030,71768670384638
76,76,"Agent 2",1,564735,564735,10240,18,"ullm_paged_decode_attn_f32_kernel",256,1024,0,32,0,128,"SQ_INSTS_VALU",0.00000000e+00,71768669706030,71768670384638
76,76,"Agent 2",1,564735,564735,10240,18,"ullm_paged_decode_attn_f32_kernel",256,1024,0,32,0,128,"SQ_WAVES",51520.000000,71768669706030,71768670384638
77,77,"Agent 2",1,564735,564735,10240,18,"ullm_paged_decode_attn_f32_kernel",256,1024,0,32,0,128,"GL2C_EA_RDREQ_128B",0.00000000e+00,71768673977797,71768674811966
77,77,"Agent 2",1,564735,564735,10240,18,"ullm_paged_decode_attn_f32_kernel",256,1024,0,32,0,128,"GL2C_EA_RDREQ_32B",0.00000000e+00,71768673977797,71768674811966
77,77,"Agent 2",1,564735,564735,10240,18,"ullm_paged_decode_attn_f32_kernel",256,1024,0,32,0,128,"GL2C_EA_RDREQ_64B",0.00000000e+00,71768673977797,71768674811966
77,77,"Agent 2",1,564735,564735,10240,18,"ullm_paged_decode_attn_f32_kernel",256,1024,0,32,0,128,"SQ_INSTS_VALU",0.00000000e+00,71768673977797,71768674811966
77,77,"Agent 2",1,564735,564735,10240,18,"ullm_paged_decode_attn_f32_kernel",256,1024,0,32,0,128,"SQ_WAVES",3472.000000,71768673977797,71768674811966
78,78,"Agent 2",1,564735,564735,10240,18,"ullm_paged_decode_attn_f32_kernel",256,1024,0,32,0,128,"GL2C_EA_RDREQ_128B",0.00000000e+00,71768675940779,71768676587946
78,78,"Agent 2",1,564735,564735,10240,18,"ullm_paged_decode_attn_f32_kernel",256,1024,0,32,0,128,"GL2C_EA_RDREQ_32B",0.00000000e+00,71768675940779,71768676587946
78,78,"Agent 2",1,564735,564735,10240,18,"ullm_paged_decode_attn_f32_kernel",256,1024,0,32,0,128,"GL2C_EA_RDREQ_64B",0.00000000e+00,71768675940779,71768676587946
78,78,"Agent 2",1,564735,564735,10240,18,"ullm_paged_decode_attn_f32_kernel",256,1024,0,32,0,128,"SQ_INSTS_VALU",0.00000000e+00,71768675940779,71768676587946
78,78,"Agent 2",1,564735,564735,10240,18,"ullm_paged_decode_attn_f32_kernel",256,1024,0,32,0,128,"SQ_WAVES",16704.000000,71768675940779,71768676587946
79,79,"Agent 2",1,564735,564735,10240,18,"ullm_paged_decode_attn_f32_kernel",256,1024,0,32,0,128,"GL2C_EA_RDREQ_128B",0.00000000e+00,71768679208974,71768679882582
79,79,"Agent 2",1,564735,564735,10240,18,"ullm_paged_decode_attn_f32_kernel",256,1024,0,32,0,128,"GL2C_EA_RDREQ_32B",0.00000000e+00,71768679208974,71768679882582
79,79,"Agent 2",1,564735,564735,10240,18,"ullm_paged_decode_attn_f32_kernel",256,1024,0,32,0,128,"GL2C_EA_RDREQ_64B",0.00000000e+00,71768679208974,71768679882582
79,79,"Agent 2",1,564735,564735,10240,18,"ullm_paged_decode_attn_f32_kernel",256,1024,0,32,0,128,"SQ_INSTS_VALU",0.00000000e+00,71768679208974,71768679882582
79,79,"Agent 2",1,564735,564735,10240,18,"ullm_paged_decode_attn_f32_kernel",256,1024,0,32,0,128,"SQ_WAVES",8624.000000,71768679208974,71768679882582
80,80,"Agent 2",1,564735,564735,10240,18,"ullm_paged_decode_attn_f32_kernel",256,1024,0,32,0,128,"GL2C_EA_RDREQ_128B",0.00000000e+00,71768680664990,71768681333638
80,80,"Agent 2",1,564735,564735,10240,18,"ullm_paged_decode_attn_f32_kernel",256,1024,0,32,0,128,"GL2C_EA_RDREQ_32B",0.00000000e+00,71768680664990,71768681333638
80,80,"Agent 2",1,564735,564735,10240,18,"ullm_paged_decode_attn_f32_kernel",256,1024,0,32,0,128,"GL2C_EA_RDREQ_64B",0.00000000e+00,71768680664990,71768681333638
80,80,"Agent 2",1,564735,564735,10240,18,"ullm_paged_decode_attn_f32_kernel",256,1024,0,32,0,128,"SQ_INSTS_VALU",0.00000000e+00,71768680664990,71768681333638
80,80,"Agent 2",1,564735,564735,10240,18,"ullm_paged_decode_attn_f32_kernel",256,1024,0,32,0,128,"SQ_WAVES",17920.000000,71768680664990,71768681333638
81,81,"Agent 2",1,564735,564735,10240,18,"ullm_paged_decode_attn_f32_kernel",256,1024,0,32,0,128,"GL2C_EA_RDREQ_128B",0.00000000e+00,71768682745533,71768683397180
81,81,"Agent 2",1,564735,564735,10240,18,"ullm_paged_decode_attn_f32_kernel",256,1024,0,32,0,128,"GL2C_EA_RDREQ_32B",0.00000000e+00,71768682745533,71768683397180
81,81,"Agent 2",1,564735,564735,10240,18,"ullm_paged_decode_attn_f32_kernel",256,1024,0,32,0,128,"GL2C_EA_RDREQ_64B",0.00000000e+00,71768682745533,71768683397180
81,81,"Agent 2",1,564735,564735,10240,18,"ullm_paged_decode_attn_f32_kernel",256,1024,0,32,0,128,"SQ_INSTS_VALU",0.00000000e+00,71768682745533,71768683397180
81,81,"Agent 2",1,564735,564735,10240,18,"ullm_paged_decode_attn_f32_kernel",256,1024,0,32,0,128,"SQ_WAVES",42952.000000,71768682745533,71768683397180
82,82,"Agent 2",1,564735,564735,10240,18,"ullm_paged_decode_attn_f32_kernel",256,1024,0,32,0,128,"GL2C_EA_RDREQ_128B",0.00000000e+00,71768683721384,71768684415071
82,82,"Agent 2",1,564735,564735,10240,18,"ullm_paged_decode_attn_f32_kernel",256,1024,0,32,0,128,"GL2C_EA_RDREQ_32B",0.00000000e+00,71768683721384,71768684415071
82,82,"Agent 2",1,564735,564735,10240,18,"ullm_paged_decode_attn_f32_kernel",256,1024,0,32,0,128,"GL2C_EA_RDREQ_64B",0.00000000e+00,71768683721384,71768684415071
82,82,"Agent 2",1,564735,564735,10240,18,"ullm_paged_decode_attn_f32_kernel",256,1024,0,32,0,128,"SQ_INSTS_VALU",0.00000000e+00,71768683721384,71768684415071
82,82,"Agent 2",1,564735,564735,10240,18,"ullm_paged_decode_attn_f32_kernel",256,1024,0,32,0,128,"SQ_WAVES",22424.000000,71768683721384,71768684415071
83,83,"Agent 2",1,564735,564735,10240,18,"ullm_paged_decode_attn_f32_kernel",256,1024,0,32,0,128,"GL2C_EA_RDREQ_128B",0.00000000e+00,71768687094941,71768687821509
83,83,"Agent 2",1,564735,564735,10240,18,"ullm_paged_decode_attn_f32_kernel",256,1024,0,32,0,128,"GL2C_EA_RDREQ_32B",0.00000000e+00,71768687094941,71768687821509
83,83,"Agent 2",1,564735,564735,10240,18,"ullm_paged_decode_attn_f32_kernel",256,1024,0,32,0,128,"GL2C_EA_RDREQ_64B",0.00000000e+00,71768687094941,71768687821509
83,83,"Agent 2",1,564735,564735,10240,18,"ullm_paged_decode_attn_f32_kernel",256,1024,0,32,0,128,"SQ_INSTS_VALU",0.00000000e+00,71768687094941,71768687821509
83,83,"Agent 2",1,564735,564735,10240,18,"ullm_paged_decode_attn_f32_kernel",256,1024,0,32,0,128,"SQ_WAVES",40168.000000,71768687094941,71768687821509
84,84,"Agent 2",1,564735,564735,10240,18,"ullm_paged_decode_attn_f32_kernel",256,1024,0,32,0,128,"GL2C_EA_RDREQ_128B",0.00000000e+00,71768691171265,71768691858553
84,84,"Agent 2",1,564735,564735,10240,18,"ullm_paged_decode_attn_f32_kernel",256,1024,0,32,0,128,"GL2C_EA_RDREQ_32B",0.00000000e+00,71768691171265,71768691858553
84,84,"Agent 2",1,564735,564735,10240,18,"ullm_paged_decode_attn_f32_kernel",256,1024,0,32,0,128,"GL2C_EA_RDREQ_64B",0.00000000e+00,71768691171265,71768691858553
84,84,"Agent 2",1,564735,564735,10240,18,"ullm_paged_decode_attn_f32_kernel",256,1024,0,32,0,128,"SQ_INSTS_VALU",0.00000000e+00,71768691171265,71768691858553
84,84,"Agent 2",1,564735,564735,10240,18,"ullm_paged_decode_attn_f32_kernel",256,1024,0,32,0,128,"SQ_WAVES",8456.000000,71768691171265,71768691858553
85,85,"Agent 2",1,564735,564735,10240,18,"ullm_paged_decode_attn_f32_kernel",256,1024,0,32,0,128,"GL2C_EA_RDREQ_128B",0.00000000e+00,71768693364729,71768694032697
85,85,"Agent 2",1,564735,564735,10240,18,"ullm_paged_decode_attn_f32_kernel",256,1024,0,32,0,128,"GL2C_EA_RDREQ_32B",0.00000000e+00,71768693364729,71768694032697
85,85,"Agent 2",1,564735,564735,10240,18,"ullm_paged_decode_attn_f32_kernel",256,1024,0,32,0,128,"GL2C_EA_RDREQ_64B",0.00000000e+00,71768693364729,71768694032697
85,85,"Agent 2",1,564735,564735,10240,18,"ullm_paged_decode_attn_f32_kernel",256,1024,0,32,0,128,"SQ_INSTS_VALU",0.00000000e+00,71768693364729,71768694032697
85,85,"Agent 2",1,564735,564735,10240,18,"ullm_paged_decode_attn_f32_kernel",256,1024,0,32,0,128,"SQ_WAVES",4344.000000,71768693364729,71768694032697
86,86,"Agent 2",1,564735,564735,10240,18,"ullm_paged_decode_attn_f32_kernel",256,1024,0,32,0,128,"GL2C_EA_RDREQ_128B",0.00000000e+00,71768696227361,71768696879208
86,86,"Agent 2",1,564735,564735,10240,18,"ullm_paged_decode_attn_f32_kernel",256,1024,0,32,0,128,"GL2C_EA_RDREQ_32B",0.00000000e+00,71768696227361,71768696879208
86,86,"Agent 2",1,564735,564735,10240,18,"ullm_paged_decode_attn_f32_kernel",256,1024,0,32,0,128,"GL2C_EA_RDREQ_64B",0.00000000e+00,71768696227361,71768696879208
86,86,"Agent 2",1,564735,564735,10240,18,"ullm_paged_decode_attn_f32_kernel",256,1024,0,32,0,128,"SQ_INSTS_VALU",0.00000000e+00,71768696227361,71768696879208
86,86,"Agent 2",1,564735,564735,10240,18,"ullm_paged_decode_attn_f32_kernel",256,1024,0,32,0,128,"SQ_WAVES",8096.000000,71768696227361,71768696879208
87,87,"Agent 2",1,564735,564735,10240,18,"ullm_paged_decode_attn_f32_kernel",256,1024,0,32,0,128,"GL2C_EA_RDREQ_128B",0.00000000e+00,71768699141312,71768699820080
87,87,"Agent 2",1,564735,564735,10240,18,"ullm_paged_decode_attn_f32_kernel",256,1024,0,32,0,128,"GL2C_EA_RDREQ_32B",0.00000000e+00,71768699141312,71768699820080
87,87,"Agent 2",1,564735,564735,10240,18,"ullm_paged_decode_attn_f32_kernel",256,1024,0,32,0,128,"GL2C_EA_RDREQ_64B",0.00000000e+00,71768699141312,71768699820080
87,87,"Agent 2",1,564735,564735,10240,18,"ullm_paged_decode_attn_f32_kernel",256,1024,0,32,0,128,"SQ_INSTS_VALU",0.00000000e+00,71768699141312,71768699820080
87,87,"Agent 2",1,564735,564735,10240,18,"ullm_paged_decode_attn_f32_kernel",256,1024,0,32,0,128,"SQ_WAVES",6288.000000,71768699141312,71768699820080
88,88,"Agent 2",1,564735,564735,10240,18,"ullm_paged_decode_attn_f32_kernel",256,1024,0,32,0,128,"GL2C_EA_RDREQ_128B",0.00000000e+00,71768703895324,71768705539462
88,88,"Agent 2",1,564735,564735,10240,18,"ullm_paged_decode_attn_f32_kernel",256,1024,0,32,0,128,"GL2C_EA_RDREQ_32B",0.00000000e+00,71768703895324,71768705539462
88,88,"Agent 2",1,564735,564735,10240,18,"ullm_paged_decode_attn_f32_kernel",256,1024,0,32,0,128,"GL2C_EA_RDREQ_64B",0.00000000e+00,71768703895324,71768705539462
88,88,"Agent 2",1,564735,564735,10240,18,"ullm_paged_decode_attn_f32_kernel",256,1024,0,32,0,128,"SQ_INSTS_VALU",0.00000000e+00,71768703895324,71768705539462
88,88,"Agent 2",1,564735,564735,10240,18,"ullm_paged_decode_attn_f32_kernel",256,1024,0,32,0,128,"SQ_WAVES",5896.000000,71768703895324,71768705539462
89,89,"Agent 2",1,564735,564735,10240,18,"ullm_paged_decode_attn_f32_kernel",256,1024,0,32,0,128,"GL2C_EA_RDREQ_128B",0.00000000e+00,71768705878946,71768706525233
89,89,"Agent 2",1,564735,564735,10240,18,"ullm_paged_decode_attn_f32_kernel",256,1024,0,32,0,128,"GL2C_EA_RDREQ_32B",0.00000000e+00,71768705878946,71768706525233
89,89,"Agent 2",1,564735,564735,10240,18,"ullm_paged_decode_attn_f32_kernel",256,1024,0,32,0,128,"GL2C_EA_RDREQ_64B",0.00000000e+00,71768705878946,71768706525233
89,89,"Agent 2",1,564735,564735,10240,18,"ullm_paged_decode_attn_f32_kernel",256,1024,0,32,0,128,"SQ_INSTS_VALU",0.00000000e+00,71768705878946,71768706525233
89,89,"Agent 2",1,564735,564735,10240,18,"ullm_paged_decode_attn_f32_kernel",256,1024,0,32,0,128,"SQ_WAVES",17248.000000,71768705878946,71768706525233
90,90,"Agent 2",1,564735,564735,10240,18,"ullm_paged_decode_attn_f32_kernel",256,1024,0,32,0,128,"GL2C_EA_RDREQ_128B",0.00000000e+00,71768709430785,71768710101552
90,90,"Agent 2",1,564735,564735,10240,18,"ullm_paged_decode_attn_f32_kernel",256,1024,0,32,0,128,"GL2C_EA_RDREQ_32B",0.00000000e+00,71768709430785,71768710101552
90,90,"Agent 2",1,564735,564735,10240,18,"ullm_paged_decode_attn_f32_kernel",256,1024,0,32,0,128,"GL2C_EA_RDREQ_64B",0.00000000e+00,71768709430785,71768710101552
90,90,"Agent 2",1,564735,564735,10240,18,"ullm_paged_decode_attn_f32_kernel",256,1024,0,32,0,128,"SQ_INSTS_VALU",0.00000000e+00,71768709430785,71768710101552
90,90,"Agent 2",1,564735,564735,10240,18,"ullm_paged_decode_attn_f32_kernel",256,1024,0,32,0,128,"SQ_WAVES",8472.000000,71768709430785,71768710101552
91,91,"Agent 2",1,564735,564735,10240,18,"ullm_paged_decode_attn_f32_kernel",256,1024,0,32,0,128,"GL2C_EA_RDREQ_128B",0.00000000e+00,71768710561917,71768711216685
91,91,"Agent 2",1,564735,564735,10240,18,"ullm_paged_decode_attn_f32_kernel",256,1024,0,32,0,128,"GL2C_EA_RDREQ_32B",0.00000000e+00,71768710561917,71768711216685
91,91,"Agent 2",1,564735,564735,10240,18,"ullm_paged_decode_attn_f32_kernel",256,1024,0,32,0,128,"GL2C_EA_RDREQ_64B",0.00000000e+00,71768710561917,71768711216685
91,91,"Agent 2",1,564735,564735,10240,18,"ullm_paged_decode_attn_f32_kernel",256,1024,0,32,0,128,"SQ_INSTS_VALU",0.00000000e+00,71768710561917,71768711216685
91,91,"Agent 2",1,564735,564735,10240,18,"ullm_paged_decode_attn_f32_kernel",256,1024,0,32,0,128,"SQ_WAVES",5064.000000,71768710561917,71768711216685
92,92,"Agent 2",1,564735,564735,10240,18,"ullm_paged_decode_attn_f32_kernel",256,1024,0,32,0,128,"GL2C_EA_RDREQ_128B",0.00000000e+00,71768712635540,71768713270547
92,92,"Agent 2",1,564735,564735,10240,18,"ullm_paged_decode_attn_f32_kernel",256,1024,0,32,0,128,"GL2C_EA_RDREQ_32B",0.00000000e+00,71768712635540,71768713270547
92,92,"Agent 2",1,564735,564735,10240,18,"ullm_paged_decode_attn_f32_kernel",256,1024,0,32,0,128,"GL2C_EA_RDREQ_64B",0.00000000e+00,71768712635540,71768713270547
92,92,"Agent 2",1,564735,564735,10240,18,"ullm_paged_decode_attn_f32_kernel",256,1024,0,32,0,128,"SQ_INSTS_VALU",0.00000000e+00,71768712635540,71768713270547
92,92,"Agent 2",1,564735,564735,10240,18,"ullm_paged_decode_attn_f32_kernel",256,1024,0,32,0,128,"SQ_WAVES",576.000000,71768712635540,71768713270547
93,93,"Agent 2",1,564735,564735,10240,18,"ullm_paged_decode_attn_f32_kernel",256,1024,0,32,0,128,"GL2C_EA_RDREQ_128B",0.00000000e+00,71768713542070,71768714270998
93,93,"Agent 2",1,564735,564735,10240,18,"ullm_paged_decode_attn_f32_kernel",256,1024,0,32,0,128,"GL2C_EA_RDREQ_32B",0.00000000e+00,71768713542070,71768714270998
93,93,"Agent 2",1,564735,564735,10240,18,"ullm_paged_decode_attn_f32_kernel",256,1024,0,32,0,128,"GL2C_EA_RDREQ_64B",0.00000000e+00,71768713542070,71768714270998
93,93,"Agent 2",1,564735,564735,10240,18,"ullm_paged_decode_attn_f32_kernel",256,1024,0,32,0,128,"SQ_INSTS_VALU",0.00000000e+00,71768713542070,71768714270998
93,93,"Agent 2",1,564735,564735,10240,18,"ullm_paged_decode_attn_f32_kernel",256,1024,0,32,0,128,"SQ_WAVES",6304.000000,71768713542070,71768714270998
94,94,"Agent 2",1,564735,564735,10240,18,"ullm_paged_decode_attn_f32_kernel",256,1024,0,32,0,128,"GL2C_EA_RDREQ_128B",0.00000000e+00,71768715864615,71768716552503
94,94,"Agent 2",1,564735,564735,10240,18,"ullm_paged_decode_attn_f32_kernel",256,1024,0,32,0,128,"GL2C_EA_RDREQ_32B",0.00000000e+00,71768715864615,71768716552503
94,94,"Agent 2",1,564735,564735,10240,18,"ullm_paged_decode_attn_f32_kernel",256,1024,0,32,0,128,"GL2C_EA_RDREQ_64B",0.00000000e+00,71768715864615,71768716552503
94,94,"Agent 2",1,564735,564735,10240,18,"ullm_paged_decode_attn_f32_kernel",256,1024,0,32,0,128,"SQ_INSTS_VALU",0.00000000e+00,71768715864615,71768716552503
94,94,"Agent 2",1,564735,564735,10240,18,"ullm_paged_decode_attn_f32_kernel",256,1024,0,32,0,128,"SQ_WAVES",51888.000000,71768715864615,71768716552503
95,95,"Agent 2",1,564735,564735,10240,18,"ullm_paged_decode_attn_f32_kernel",256,1024,0,32,0,128,"GL2C_EA_RDREQ_128B",0.00000000e+00,71768718907489,71768719580336
95,95,"Agent 2",1,564735,564735,10240,18,"ullm_paged_decode_attn_f32_kernel",256,1024,0,32,0,128,"GL2C_EA_RDREQ_32B",0.00000000e+00,71768718907489,71768719580336
95,95,"Agent 2",1,564735,564735,10240,18,"ullm_paged_decode_attn_f32_kernel",256,1024,0,32,0,128,"GL2C_EA_RDREQ_64B",0.00000000e+00,71768718907489,71768719580336
95,95,"Agent 2",1,564735,564735,10240,18,"ullm_paged_decode_attn_f32_kernel",256,1024,0,32,0,128,"SQ_INSTS_VALU",0.00000000e+00,71768718907489,71768719580336
95,95,"Agent 2",1,564735,564735,10240,18,"ullm_paged_decode_attn_f32_kernel",256,1024,0,32,0,128,"SQ_WAVES",38672.000000,71768718907489,71768719580336
96,96,"Agent 2",1,564735,564735,10240,18,"ullm_paged_decode_attn_f32_kernel",256,1024,0,32,0,128,"GL2C_EA_RDREQ_128B",0.00000000e+00,71768721954544,71768722631871
96,96,"Agent 2",1,564735,564735,10240,18,"ullm_paged_decode_attn_f32_kernel",256,1024,0,32,0,128,"GL2C_EA_RDREQ_32B",0.00000000e+00,71768721954544,71768722631871
96,96,"Agent 2",1,564735,564735,10240,18,"ullm_paged_decode_attn_f32_kernel",256,1024,0,32,0,128,"GL2C_EA_RDREQ_64B",0.00000000e+00,71768721954544,71768722631871
96,96,"Agent 2",1,564735,564735,10240,18,"ullm_paged_decode_attn_f32_kernel",256,1024,0,32,0,128,"SQ_INSTS_VALU",0.00000000e+00,71768721954544,71768722631871
96,96,"Agent 2",1,564735,564735,10240,18,"ullm_paged_decode_attn_f32_kernel",256,1024,0,32,0,128,"SQ_WAVES",8376.000000,71768721954544,71768722631871
97,97,"Agent 2",1,564735,564735,10240,18,"ullm_paged_decode_attn_f32_kernel",256,1024,0,32,0,128,"GL2C_EA_RDREQ_128B",0.00000000e+00,71768725229579,71768725912826
97,97,"Agent 2",1,564735,564735,10240,18,"ullm_paged_decode_attn_f32_kernel",256,1024,0,32,0,128,"GL2C_EA_RDREQ_32B",0.00000000e+00,71768725229579,71768725912826
97,97,"Agent 2",1,564735,564735,10240,18,"ullm_paged_decode_attn_f32_kernel",256,1024,0,32,0,128,"GL2C_EA_RDREQ_64B",0.00000000e+00,71768725229579,71768725912826
97,97,"Agent 2",1,564735,564735,10240,18,"ullm_paged_decode_attn_f32_kernel",256,1024,0,32,0,128,"SQ_INSTS_VALU",0.00000000e+00,71768725229579,71768725912826
97,97,"Agent 2",1,564735,564735,10240,18,"ullm_paged_decode_attn_f32_kernel",256,1024,0,32,0,128,"SQ_WAVES",6576.000000,71768725229579,71768725912826
98,98,"Agent 2",1,564735,564735,10240,18,"ullm_paged_decode_attn_f32_kernel",256,1024,0,32,0,128,"GL2C_EA_RDREQ_128B",0.00000000e+00,71768729553906,71768730238434
98,98,"Agent 2",1,564735,564735,10240,18,"ullm_paged_decode_attn_f32_kernel",256,1024,0,32,0,128,"GL2C_EA_RDREQ_32B",0.00000000e+00,71768729553906,71768730238434
98,98,"Agent 2",1,564735,564735,10240,18,"ullm_paged_decode_attn_f32_kernel",256,1024,0,32,0,128,"GL2C_EA_RDREQ_64B",0.00000000e+00,71768729553906,71768730238434
98,98,"Agent 2",1,564735,564735,10240,18,"ullm_paged_decode_attn_f32_kernel",256,1024,0,32,0,128,"SQ_INSTS_VALU",0.00000000e+00,71768729553906,71768730238434
98,98,"Agent 2",1,564735,564735,10240,18,"ullm_paged_decode_attn_f32_kernel",256,1024,0,32,0,128,"SQ_WAVES",8192.000000,71768729553906,71768730238434
99,99,"Agent 2",1,564735,564735,10240,18,"ullm_paged_decode_attn_f32_kernel",256,1024,0,32,0,128,"GL2C_EA_RDREQ_128B",0.00000000e+00,71768731918172,71768732586699
99,99,"Agent 2",1,564735,564735,10240,18,"ullm_paged_decode_attn_f32_kernel",256,1024,0,32,0,128,"GL2C_EA_RDREQ_32B",0.00000000e+00,71768731918172,71768732586699
99,99,"Agent 2",1,564735,564735,10240,18,"ullm_paged_decode_attn_f32_kernel",256,1024,0,32,0,128,"GL2C_EA_RDREQ_64B",0.00000000e+00,71768731918172,71768732586699
99,99,"Agent 2",1,564735,564735,10240,18,"ullm_paged_decode_attn_f32_kernel",256,1024,0,32,0,128,"SQ_INSTS_VALU",0.00000000e+00,71768731918172,71768732586699
99,99,"Agent 2",1,564735,564735,10240,18,"ullm_paged_decode_attn_f32_kernel",256,1024,0,32,0,128,"SQ_WAVES",51520.000000,71768731918172,71768732586699
100,100,"Agent 2",1,564735,564735,10240,18,"ullm_paged_decode_attn_f32_kernel",256,1024,0,32,0,128,"GL2C_EA_RDREQ_128B",0.00000000e+00,71768737983358,71768738673846
100,100,"Agent 2",1,564735,564735,10240,18,"ullm_paged_decode_attn_f32_kernel",256,1024,0,32,0,128,"GL2C_EA_RDREQ_32B",0.00000000e+00,71768737983358,71768738673846
100,100,"Agent 2",1,564735,564735,10240,18,"ullm_paged_decode_attn_f32_kernel",256,1024,0,32,0,128,"GL2C_EA_RDREQ_64B",0.00000000e+00,71768737983358,71768738673846
100,100,"Agent 2",1,564735,564735,10240,18,"ullm_paged_decode_attn_f32_kernel",256,1024,0,32,0,128,"SQ_INSTS_VALU",0.00000000e+00,71768737983358,71768738673846
100,100,"Agent 2",1,564735,564735,10240,18,"ullm_paged_decode_attn_f32_kernel",256,1024,0,32,0,128,"SQ_WAVES",320.000000,71768737983358,71768738673846
101,101,"Agent 2",1,564735,564735,10240,18,"ullm_paged_decode_attn_f32_kernel",256,1024,0,32,0,128,"GL2C_EA_RDREQ_128B",0.00000000e+00,71768741337595,71768742025803
101,101,"Agent 2",1,564735,564735,10240,18,"ullm_paged_decode_attn_f32_kernel",256,1024,0,32,0,128,"GL2C_EA_RDREQ_32B",0.00000000e+00,71768741337595,71768742025803
101,101,"Agent 2",1,564735,564735,10240,18,"ullm_paged_decode_attn_f32_kernel",256,1024,0,32,0,128,"GL2C_EA_RDREQ_64B",0.00000000e+00,71768741337595,71768742025803
101,101,"Agent 2",1,564735,564735,10240,18,"ullm_paged_decode_attn_f32_kernel",256,1024,0,32,0,128,"SQ_INSTS_VALU",0.00000000e+00,71768741337595,71768742025803
101,101,"Agent 2",1,564735,564735,10240,18,"ullm_paged_decode_attn_f32_kernel",256,1024,0,32,0,128,"SQ_WAVES",8656.000000,71768741337595,71768742025803
102,102,"Agent 2",1,564735,564735,10240,18,"ullm_paged_decode_attn_f32_kernel",256,1024,0,32,0,128,"GL2C_EA_RDREQ_128B",0.00000000e+00,71768742788211,71768743442058
102,102,"Agent 2",1,564735,564735,10240,18,"ullm_paged_decode_attn_f32_kernel",256,1024,0,32,0,128,"GL2C_EA_RDREQ_32B",0.00000000e+00,71768742788211,71768743442058
102,102,"Agent 2",1,564735,564735,10240,18,"ullm_paged_decode_attn_f32_kernel",256,1024,0,32,0,128,"GL2C_EA_RDREQ_64B",0.00000000e+00,71768742788211,71768743442058
102,102,"Agent 2",1,564735,564735,10240,18,"ullm_paged_decode_attn_f32_kernel",256,1024,0,32,0,128,"SQ_INSTS_VALU",0.00000000e+00,71768742788211,71768743442058
102,102,"Agent 2",1,564735,564735,10240,18,"ullm_paged_decode_attn_f32_kernel",256,1024,0,32,0,128,"SQ_WAVES",4128.000000,71768742788211,71768743442058
103,103,"Agent 2",1,564735,564735,10240,18,"ullm_paged_decode_attn_f32_kernel",256,1024,0,32,0,128,"GL2C_EA_RDREQ_128B",0.00000000e+00,71768744902074,71768745540521
103,103,"Agent 2",1,564735,564735,10240,18,"ullm_paged_decode_attn_f32_kernel",256,1024,0,32,0,128,"GL2C_EA_RDREQ_32B",0.00000000e+00,71768744902074,71768745540521
103,103,"Agent 2",1,564735,564735,10240,18,"ullm_paged_decode_attn_f32_kernel",256,1024,0,32,0,128,"GL2C_EA_RDREQ_64B",0.00000000e+00,71768744902074,71768745540521
103,103,"Agent 2",1,564735,564735,10240,18,"ullm_paged_decode_attn_f32_kernel",256,1024,0,32,0,128,"SQ_INSTS_VALU",0.00000000e+00,71768744902074,71768745540521
103,103,"Agent 2",1,564735,564735,10240,18,"ullm_paged_decode_attn_f32_kernel",256,1024,0,32,0,128,"SQ_WAVES",576.000000,71768744902074,71768745540521
104,104,"Agent 2",1,564735,564735,10240,18,"ullm_paged_decode_attn_f32_kernel",256,1024,0,32,0,128,"GL2C_EA_RDREQ_128B",0.00000000e+00,71768747862707,71768748561194
104,104,"Agent 2",1,564735,564735,10240,18,"ullm_paged_decode_attn_f32_kernel",256,1024,0,32,0,128,"GL2C_EA_RDREQ_32B",0.00000000e+00,71768747862707,71768748561194
104,104,"Agent 2",1,564735,564735,10240,18,"ullm_paged_decode_attn_f32_kernel",256,1024,0,32,0,128,"GL2C_EA_RDREQ_64B",0.00000000e+00,71768747862707,71768748561194
104,104,"Agent 2",1,564735,564735,10240,18,"ullm_paged_decode_attn_f32_kernel",256,1024,0,32,0,128,"SQ_INSTS_VALU",0.00000000e+00,71768747862707,71768748561194
104,104,"Agent 2",1,564735,564735,10240,18,"ullm_paged_decode_attn_f32_kernel",256,1024,0,32,0,128,"SQ_WAVES",50176.000000,71768747862707,71768748561194
105,105,"Agent 2",1,564735,564735,10240,18,"ullm_paged_decode_attn_f32_kernel",256,1024,0,32,0,128,"GL2C_EA_RDREQ_128B",0.00000000e+00,71768751156583,71768751864590
105,105,"Agent 2",1,564735,564735,10240,18,"ullm_paged_decode_attn_f32_kernel",256,1024,0,32,0,128,"GL2C_EA_RDREQ_32B",0.00000000e+00,71768751156583,71768751864590
105,105,"Agent 2",1,564735,564735,10240,18,"ullm_paged_decode_attn_f32_kernel",256,1024,0,32,0,128,"GL2C_EA_RDREQ_64B",0.00000000e+00,71768751156583,71768751864590
105,105,"Agent 2",1,564735,564735,10240,18,"ullm_paged_decode_attn_f32_kernel",256,1024,0,32,0,128,"SQ_INSTS_VALU",0.00000000e+00,71768751156583,71768751864590
105,105,"Agent 2",1,564735,564735,10240,18,"ullm_paged_decode_attn_f32_kernel",256,1024,0,32,0,128,"SQ_WAVES",46560.000000,71768751156583,71768751864590
106,106,"Agent 2",1,564735,564735,10240,18,"ullm_paged_decode_attn_f32_kernel",256,1024,0,32,0,128,"GL2C_EA_RDREQ_128B",0.00000000e+00,71768754819743,71768755528271
106,106,"Agent 2",1,564735,564735,10240,18,"ullm_paged_decode_attn_f32_kernel",256,1024,0,32,0,128,"GL2C_EA_RDREQ_32B",0.00000000e+00,71768754819743,71768755528271
106,106,"Agent 2",1,564735,564735,10240,18,"ullm_paged_decode_attn_f32_kernel",256,1024,0,32,0,128,"GL2C_EA_RDREQ_64B",0.00000000e+00,71768754819743,71768755528271
106,106,"Agent 2",1,564735,564735,10240,18,"ullm_paged_decode_attn_f32_kernel",256,1024,0,32,0,128,"SQ_INSTS_VALU",0.00000000e+00,71768754819743,71768755528271
106,106,"Agent 2",1,564735,564735,10240,18,"ullm_paged_decode_attn_f32_kernel",256,1024,0,32,0,128,"SQ_WAVES",8424.000000,71768754819743,71768755528271
107,107,"Agent 2",1,564735,564735,10240,18,"ullm_paged_decode_attn_f32_kernel",256,1024,0,32,0,128,"GL2C_EA_RDREQ_128B",0.00000000e+00,71768757632934,71768758335621
107,107,"Agent 2",1,564735,564735,10240,18,"ullm_paged_decode_attn_f32_kernel",256,1024,0,32,0,128,"GL2C_EA_RDREQ_32B",0.00000000e+00,71768757632934,71768758335621
107,107,"Agent 2",1,564735,564735,10240,18,"ullm_paged_decode_attn_f32_kernel",256,1024,0,32,0,128,"GL2C_EA_RDREQ_64B",0.00000000e+00,71768757632934,71768758335621
107,107,"Agent 2",1,564735,564735,10240,18,"ullm_paged_decode_attn_f32_kernel",256,1024,0,32,0,128,"SQ_INSTS_VALU",0.00000000e+00,71768757632934,71768758335621
107,107,"Agent 2",1,564735,564735,10240,18,"ullm_paged_decode_attn_f32_kernel",256,1024,0,32,0,128,"SQ_WAVES",6672.000000,71768757632934,71768758335621
108,108,"Agent 2",1,564735,564735,10240,18,"ullm_paged_decode_attn_f32_kernel",256,1024,0,32,0,128,"GL2C_EA_RDREQ_128B",0.00000000e+00,71768761000290,71768761694258
108,108,"Agent 2",1,564735,564735,10240,18,"ullm_paged_decode_attn_f32_kernel",256,1024,0,32,0,128,"GL2C_EA_RDREQ_32B",0.00000000e+00,71768761000290,71768761694258
108,108,"Agent 2",1,564735,564735,10240,18,"ullm_paged_decode_attn_f32_kernel",256,1024,0,32,0,128,"GL2C_EA_RDREQ_64B",0.00000000e+00,71768761000290,71768761694258
108,108,"Agent 2",1,564735,564735,10240,18,"ullm_paged_decode_attn_f32_kernel",256,1024,0,32,0,128,"SQ_INSTS_VALU",0.00000000e+00,71768761000290,71768761694258
108,108,"Agent 2",1,564735,564735,10240,18,"ullm_paged_decode_attn_f32_kernel",256,1024,0,32,0,128,"SQ_WAVES",8496.000000,71768761000290,71768761694258
109,109,"Agent 2",1,564735,564735,10240,18,"ullm_paged_decode_attn_f32_kernel",256,1024,0,32,0,128,"GL2C_EA_RDREQ_128B",0.00000000e+00,71768763818521,71768764489409
109,109,"Agent 2",1,564735,564735,10240,18,"ullm_paged_decode_attn_f32_kernel",256,1024,0,32,0,128,"GL2C_EA_RDREQ_32B",0.00000000e+00,71768763818521,71768764489409
109,109,"Agent 2",1,564735,564735,10240,18,"ullm_paged_decode_attn_f32_kernel",256,1024,0,32,0,128,"GL2C_EA_RDREQ_64B",0.00000000e+00,71768763818521,71768764489409
109,109,"Agent 2",1,564735,564735,10240,18,"ullm_paged_decode_attn_f32_kernel",256,1024,0,32,0,128,"SQ_INSTS_VALU",0.00000000e+00,71768763818521,71768764489409
109,109,"Agent 2",1,564735,564735,10240,18,"ullm_paged_decode_attn_f32_kernel",256,1024,0,32,0,128,"SQ_WAVES",52944.000000,71768763818521,71768764489409
