"Kind","Agent_Id","Queue_Id","Stream_Id","Thread_Id","Dispatch_Id","Kernel_Id","Kernel_Name","Correlation_Id","Start_Timestamp","End_Timestamp","LDS_Block_Size","Scratch_Size","VGPR_Count","Accum_VGPR_Count","SGPR_Count","Workgroup_Size_X","Workgroup_Size_Y","Workgroup_Size_Z","Grid_Size_X","Grid_Size_Y","Grid_Size_Z"
"KERNEL_DISPATCH","Agent 2",1,1,564735,1,4,"__amd_rocclr_copyBuffer",1,71767979888694,71767979909654,0,0,16,0,128,512,1,1,512,1,1
"KERNEL_DISPATCH","Agent 2",1,1,564735,2,18,"ullm_paged_decode_attn_f32_kernel",2,71768463645053,71768464571743,1024,0,32,0,128,256,1,1,10240,1,1
"KERNEL_DISPATCH","Agent 2",1,1,564735,3,17,"ullm_paged_decode_attn_split_partial_f32_kernel",3,71768467051601,71768467253884,1024,0,32,0,128,256,1,1,92160,1,1
"KERNEL_DISPATCH","Agent 2",1,1,564735,4,16,"ullm_paged_decode_attn_split_merge_f32_kernel",4,71768467546899,71768467565459,0,0,16,0,128,256,1,1,10240,1,1
"KERNEL_DISPATCH","Agent 2",1,1,564735,5,18,"ullm_paged_decode_attn_f32_kernel",5,71768469875842,71768470584610,1024,0,32,0,128,256,1,1,10240,1,1
"KERNEL_DISPATCH","Agent 2",1,1,564735,6,18,"ullm_paged_decode_attn_f32_kernel",6,71768472790275,71768473473283,1024,0,32,0,128,256,1,1,10240,1,1
"KERNEL_DISPATCH","Agent 2",1,1,564735,7,18,"ullm_paged_decode_attn_f32_kernel",7,71768475313263,71768476000751,1024,0,32,0,128,256,1,1,10240,1,1
"KERNEL_DISPATCH","Agent 2",1,1,564735,8,18,"ullm_paged_decode_attn_f32_kernel",8,71768478748182,71768479415509,1024,0,32,0,128,256,1,1,10240,1,1
"KERNEL_DISPATCH","Agent 2",1,1,564735,9,18,"ullm_paged_decode_attn_f32_kernel",9,71768479915115,71768480619963,1024,0,32,0,128,256,1,1,10240,1,1
"KERNEL_DISPATCH","Agent 2",1,1,564735,10,18,"ullm_paged_decode_attn_f32_kernel",10,71768486047624,71768486793833,1024,0,32,0,128,256,1,1,10240,1,1
"KERNEL_DISPATCH","Agent 2",1,1,564735,11,18,"ullm_paged_decode_attn_f32_kernel",11,71768489149219,71768489866707,1024,0,32,0,128,256,1,1,10240,1,1
"KERNEL_DISPATCH","Agent 2",1,1,564735,12,18,"ullm_paged_decode_attn_f32_kernel",12,71768490666036,71768491323644,1024,0,32,0,128,256,1,1,10240,1,1
"KERNEL_DISPATCH","Agent 2",1,1,564735,13,18,"ullm_paged_decode_attn_f32_kernel",13,71768493020463,71768493667190,1024,0,32,0,128,256,1,1,10240,1,1
"KERNEL_DISPATCH","Agent 2",1,1,564735,14,18,"ullm_paged_decode_attn_f32_kernel",14,71768495830974,71768496569823,1024,0,32,0,128,256,1,1,10240,1,1
"KERNEL_DISPATCH","Agent 2",1,1,564735,15,18,"ullm_paged_decode_attn_f32_kernel",15,71768498934609,71768499639697,1024,0,32,0,128,256,1,1,10240,1,1
"KERNEL_DISPATCH","Agent 2",1,1,564735,16,18,"ullm_paged_decode_attn_f32_kernel",16,71768502559570,71768503273178,1024,0,32,0,128,256,1,1,10240,1,1
"KERNEL_DISPATCH","Agent 2",1,1,564735,17,18,"ullm_paged_decode_attn_f32_kernel",17,71768505468963,71768506181811,1024,0,32,0,128,256,1,1,10240,1,1
"KERNEL_DISPATCH","Agent 2",1,1,564735,18,18,"ullm_paged_decode_attn_f32_kernel",18,71768508357315,71768509076363,1024,0,32,0,128,256,1,1,10240,1,1
"KERNEL_DISPATCH","Agent 2",1,1,564735,19,18,"ullm_paged_decode_attn_f32_kernel",19,71768511623592,71768512339800,1024,0,32,0,128,256,1,1,10240,1,1
"KERNEL_DISPATCH","Agent 2",1,1,564735,20,18,"ullm_paged_decode_attn_f32_kernel",20,71768516739170,71768517603419,1024,0,32,0,128,256,1,1,10240,1,1
"KERNEL_DISPATCH","Agent 2",1,1,564735,21,18,"ullm_paged_decode_attn_f32_kernel",21,71768518100505,71768518785393,1024,0,32,0,128,256,1,1,10240,1,1
"KERNEL_DISPATCH","Agent 2",1,1,564735,22,18,"ullm_paged_decode_attn_f32_kernel",22,71768521152939,71768521813707,1024,0,32,0,128,256,1,1,10240,1,1
"KERNEL_DISPATCH","Agent 2",1,1,564735,23,18,"ullm_paged_decode_attn_f32_kernel",23,71768522513675,71768523170242,1024,0,32,0,128,256,1,1,10240,1,1
"KERNEL_DISPATCH","Agent 2",1,1,564735,24,18,"ullm_paged_decode_attn_f32_kernel",24,71768524650259,71768525283066,1024,0,32,0,128,256,1,1,10240,1,1
"KERNEL_DISPATCH","Agent 2",1,1,564735,25,18,"ullm_paged_decode_attn_f32_kernel",25,71768527596350,71768528300559,1024,0,32,0,128,256,1,1,10240,1,1
"KERNEL_DISPATCH","Agent 2",1,1,564735,26,18,"ullm_paged_decode_attn_f32_kernel",26,71768530928310,71768531661879,1024,0,32,0,128,256,1,1,10240,1,1
"KERNEL_DISPATCH","Agent 2",1,1,564735,27,18,"ullm_paged_decode_attn_f32_kernel",27,71768534781357,71768535465765,1024,0,32,0,128,256,1,1,10240,1,1
"KERNEL_DISPATCH","Agent 2",1,1,564735,28,18,"ullm_paged_decode_attn_f32_kernel",28,71768537265748,71768537966636,1024,0,32,0,128,256,1,1,10240,1,1
"KERNEL_DISPATCH","Agent 2",1,1,564735,29,18,"ullm_paged_decode_attn_f32_kernel",29,71768540905312,71768541593361,1024,0,32,0,128,256,1,1,10240,1,1
"KERNEL_DISPATCH","Agent 2",1,1,564735,30,18,"ullm_paged_decode_attn_f32_kernel",30,71768543517144,71768544191872,1024,0,32,0,128,256,1,1,10240,1,1
"KERNEL_DISPATCH","Agent 2",1,1,564735,31,18,"ullm_paged_decode_attn_f32_kernel",31,71768547817517,71768548656567,1024,0,32,0,128,256,1,1,10240,1,1
"KERNEL_DISPATCH","Agent 2",1,1,564735,32,18,"ullm_paged_decode_attn_f32_kernel",32,71768549753821,71768550397669,1024,0,32,0,128,256,1,1,10240,1,1
"KERNEL_DISPATCH","Agent 2",1,1,564735,33,18,"ullm_paged_decode_attn_f32_kernel",33,71768553366665,71768554044513,1024,0,32,0,128,256,1,1,10240,1,1
"KERNEL_DISPATCH","Agent 2",1,1,564735,34,18,"ullm_paged_decode_attn_f32_kernel",34,71768554503399,71768555166047,1024,0,32,0,128,256,1,1,10240,1,1
"KERNEL_DISPATCH","Agent 2",1,1,564735,35,18,"ullm_paged_decode_attn_f32_kernel",35,71768556456823,71768557100031,1024,0,32,0,128,256,1,1,10240,1,1
"KERNEL_DISPATCH","Agent 2",1,1,564735,36,18,"ullm_paged_decode_attn_f32_kernel",36,71768557585077,71768558283205,1024,0,32,0,128,256,1,1,10240,1,1
"KERNEL_DISPATCH","Agent 2",1,1,564735,37,18,"ullm_paged_decode_attn_f32_kernel",37,71768560949398,71768561694407,1024,0,32,0,128,256,1,1,10240,1,1
"KERNEL_DISPATCH","Agent 2",1,1,564735,38,18,"ullm_paged_decode_attn_f32_kernel",38,71768564424041,71768565120569,1024,0,32,0,128,256,1,1,10240,1,1
"KERNEL_DISPATCH","Agent 2",1,1,564735,39,18,"ullm_paged_decode_attn_f32_kernel",39,71768567171074,71768567847323,1024,0,32,0,128,256,1,1,10240,1,1
"KERNEL_DISPATCH","Agent 2",1,1,564735,40,18,"ullm_paged_decode_attn_f32_kernel",40,71768570511355,71768571167203,1024,0,32,0,128,256,1,1,10240,1,1
"KERNEL_DISPATCH","Agent 2",1,1,564735,41,18,"ullm_paged_decode_attn_f32_kernel",41,71768573291549,71768573976358,1024,0,32,0,128,256,1,1,10240,1,1
"KERNEL_DISPATCH","Agent 2",1,1,564735,42,18,"ullm_paged_decode_attn_f32_kernel",42,71768577257518,71768578015647,1024,0,32,0,128,256,1,1,10240,1,1
"KERNEL_DISPATCH","Agent 2",1,1,564735,43,18,"ullm_paged_decode_attn_f32_kernel",43,71768579528426,71768580173514,1024,0,32,0,128,256,1,1,10240,1,1
"KERNEL_DISPATCH","Agent 2",1,1,564735,44,18,"ullm_paged_decode_attn_f32_kernel",44,71768582225419,71768582910747,1024,0,32,0,128,256,1,1,10240,1,1
"KERNEL_DISPATCH","Agent 2",1,1,564735,45,18,"ullm_paged_decode_attn_f32_kernel",45,71768584227324,71768584880452,1024,0,32,0,128,256,1,1,10240,1,1
"KERNEL_DISPATCH","Agent 2",1,1,564735,46,18,"ullm_paged_decode_attn_f32_kernel",46,71768586397110,71768587029478,1024,0,32,0,128,256,1,1,10240,1,1
"KERNEL_DISPATCH","Agent 2",1,1,564735,47,18,"ullm_paged_decode_attn_f32_kernel",47,71768589445828,71768590130916,1024,0,32,0,128,256,1,1,10240,1,1
"KERNEL_DISPATCH","Agent 2",1,1,564735,48,18,"ullm_paged_decode_attn_f32_kernel",48,71768592430843,71768593114291,1024,0,32,0,128,256,1,1,10240,1,1
"KERNEL_DISPATCH","Agent 2",1,1,564735,49,18,"ullm_paged_decode_attn_f32_kernel",49,71768595544917,71768596218324,1024,0,32,0,128,256,1,1,10240,1,1
"KERNEL_DISPATCH","Agent 2",1,1,564735,50,18,"ullm_paged_decode_attn_f32_kernel",50,71768598797112,71768599478200,1024,0,32,0,128,256,1,1,10240,1,1
"KERNEL_DISPATCH","Agent 2",1,1,564735,51,18,"ullm_paged_decode_attn_f32_kernel",51,71768599609801,71768600275849,1024,0,32,0,128,256,1,1,10240,1,1
"KERNEL_DISPATCH","Agent 2",1,1,564735,52,18,"ullm_paged_decode_attn_f32_kernel",52,71768602810957,71768603468404,1024,0,32,0,128,256,1,1,10240,1,1
"KERNEL_DISPATCH","Agent 2",1,1,564735,53,18,"ullm_paged_decode_attn_f32_kernel",53,71768605643668,71768606306315,1024,0,32,0,128,256,1,1,10240,1,1
"KERNEL_DISPATCH","Agent 2",1,1,564735,54,18,"ullm_paged_decode_attn_f32_kernel",54,71768609930795,71768610829285,1024,0,32,0,128,256,1,1,10240,1,1
"KERNEL_DISPATCH","Agent 2",1,1,564735,55,18,"ullm_paged_decode_attn_f32_kernel",55,71768611895377,71768612559904,1024,0,32,0,128,256,1,1,10240,1,1
"KERNEL_DISPATCH","Agent 2",1,1,564735,56,18,"ullm_paged_decode_attn_f32_kernel",56,71768615352215,71768616047183,1024,0,32,0,128,256,1,1,10240,1,1
"KERNEL_DISPATCH","Agent 2",1,1,564735,57,18,"ullm_paged_decode_attn_f32_kernel",57,71768616358906,71768617016554,1024,0,32,0,128,256,1,1,10240,1,1
"KERNEL_DISPATCH","Agent 2",1,1,564735,58,18,"ullm_paged_decode_attn_f32_kernel",58,71768618469290,71768619111297,1024,0,32,0,128,256,1,1,10240,1,1
"KERNEL_DISPATCH","Agent 2",1,1,564735,59,18,"ullm_paged_decode_attn_f32_kernel",59,71768619376700,71768620111148,1024,0,32,0,128,256,1,1,10240,1,1
"KERNEL_DISPATCH","Agent 2",1,1,564735,60,18,"ullm_paged_decode_attn_f32_kernel",60,71768621642725,71768622332092,1024,0,32,0,128,256,1,1,10240,1,1
"KERNEL_DISPATCH","Agent 2",1,1,564735,61,18,"ullm_paged_decode_attn_f32_kernel",61,71768625011642,71768625719530,1024,0,32,0,128,256,1,1,10240,1,1
"KERNEL_DISPATCH","Agent 2",1,1,564735,62,18,"ullm_paged_decode_attn_f32_kernel",62,71768628745043,71768629434211,1024,0,32,0,128,256,1,1,10240,1,1
"KERNEL_DISPATCH","Agent 2",1,1,564735,63,18,"ullm_paged_decode_attn_f32_kernel",63,71768631394872,71768632084640,1024,0,32,0,128,256,1,1,10240,1,1
"KERNEL_DISPATCH","Agent 2",1,1,564735,64,18,"ullm_paged_decode_attn_f32_kernel",64,71768635046553,71768635730840,1024,0,32,0,128,256,1,1,10240,1,1
"KERNEL_DISPATCH","Agent 2",1,1,564735,65,18,"ullm_paged_decode_attn_f32_kernel",65,71768637605421,71768638272068,1024,0,32,0,128,256,1,1,10240,1,1
"KERNEL_DISPATCH","Agent 2",1,1,564735,66,18,"ullm_paged_decode_attn_f32_kernel",66,71768643424925,71768644231014,1024,0,32,0,128,256,1,1,10240,1,1
"KERNEL_DISPATCH","Agent 2",1,1,564735,67,18,"ullm_paged_decode_attn_f32_kernel",67,71768644557218,71768645238745,1024,0,32,0,128,256,1,1,10240,1,1
"KERNEL_DISPATCH","Agent 2",1,1,564735,68,18,"ullm_paged_decode_attn_f32_kernel",68,71768648215858,71768648902586,1024,0,32,0,128,256,1,1,10240,1,1
"KERNEL_DISPATCH","Agent 2",1,1,564735,69,18,"ullm_paged_decode_attn_f32_kernel",69,71768650596044,71768651235211,1024,0,32,0,128,256,1,1,10240,1,1
"KERNEL_DISPATCH","Agent 2",1,1,564735,70,18,"ullm_paged_decode_attn_f32_kernel",70,71768651895019,71768653192353,1024,0,32,0,128,256,1,1,10240,1,1
"KERNEL_DISPATCH","Agent 2",1,1,564735,71,18,"ullm_paged_decode_attn_f32_kernel",71,71768653810160,71768654489207,1024,0,32,0,128,256,1,1,10240,1,1
"KERNEL_DISPATCH","Agent 2",1,1,564735,72,18,"ullm_paged_decode_attn_f32_kernel",72,71768656767410,71768657443217,1024,0,32,0,128,256,1,1,10240,1,1
"KERNEL_DISPATCH","Agent 2",1,1,564735,73,18,"ullm_paged_decode_attn_f32_kernel",73,71768659785322,71768660478530,1024,0,32,0,128,256,1,1,10240,1,1
"KERNEL_DISPATCH","Agent 2",1,1,564735,74,18,"ullm_paged_decode_attn_f32_kernel",74,71768663081598,71768663759325,1024,0,32,0,128,256,1,1,10240,1,1
"KERNEL_DISPATCH","Agent 2",1,1,564735,75,18,"ullm_paged_decode_attn_f32_kernel",75,71768667395325,71768668078693,1024,0,32,0,128,256,1,1,10240,1,1
"KERNEL_DISPATCH","Agent 2",1,1,564735,76,18,"ullm_paged_decode_attn_f32_kernel",76,71768669706030,71768670384638,1024,0,32,0,128,256,1,1,10240,1,1
"KERNEL_DISPATCH","Agent 2",1,1,564735,77,18,"ullm_paged_decode_attn_f32_kernel",77,71768673977797,71768674811966,1024,0,32,0,128,256,1,1,10240,1,1
"KERNEL_DISPATCH","Agent 2",1,1,564735,78,18,"ullm_paged_decode_attn_f32_kernel",78,71768675940779,71768676587946,1024,0,32,0,128,256,1,1,10240,1,1
"KERNEL_DISPATCH","Agent 2",1,1,564735,79,18,"ullm_paged_decode_attn_f32_kernel",79,71768679208974,71768679882582,1024,0,32,0,128,256,1,1,10240,1,1
"KERNEL_DISPATCH","Agent 2",1,1,564735,80,18,"ullm_paged_decode_attn_f32_kernel",80,71768680664990,71768681333638,1024,0,32,0,128,256,1,1,10240,1,1
"KERNEL_DISPATCH","Agent 2",1,1,564735,81,18,"ullm_paged_decode_attn_f32_kernel",81,71768682745533,71768683397180,1024,0,32,0,128,256,1,1,10240,1,1
"KERNEL_DISPATCH","Agent 2",1,1,564735,82,18,"ullm_paged_decode_attn_f32_kernel",82,71768683721384,71768684415071,1024,0,32,0,128,256,1,1,10240,1,1
"KERNEL_DISPATCH","Agent 2",1,1,564735,83,18,"ullm_paged_decode_attn_f32_kernel",83,71768687094941,71768687821509,1024,0,32,0,128,256,1,1,10240,1,1
"KERNEL_DISPATCH","Agent 2",1,1,564735,84,18,"ullm_paged_decode_attn_f32_kernel",84,71768691171265,71768691858553,1024,0,32,0,128,256,1,1,10240,1,1
"KERNEL_DISPATCH","Agent 2",1,1,564735,85,18,"ullm_paged_decode_attn_f32_kernel",85,71768693364729,71768694032697,1024,0,32,0,128,256,1,1,10240,1,1
"KERNEL_DISPATCH","Agent 2",1,1,564735,86,18,"ullm_paged_decode_attn_f32_kernel",86,71768696227361,71768696879208,1024,0,32,0,128,256,1,1,10240,1,1
"KERNEL_DISPATCH","Agent 2",1,1,564735,87,18,"ullm_paged_decode_attn_f32_kernel",87,71768699141312,71768699820080,1024,0,32,0,128,256,1,1,10240,1,1
"KERNEL_DISPATCH","Agent 2",1,1,564735,88,18,"ullm_paged_decode_attn_f32_kernel",88,71768703895324,71768705539462,1024,0,32,0,128,256,1,1,10240,1,1
"KERNEL_DISPATCH","Agent 2",1,1,564735,89,18,"ullm_paged_decode_attn_f32_kernel",89,71768705878946,71768706525233,1024,0,32,0,128,256,1,1,10240,1,1
"KERNEL_DISPATCH","Agent 2",1,1,564735,90,18,"ullm_paged_decode_attn_f32_kernel",90,71768709430785,71768710101552,1024,0,32,0,128,256,1,1,10240,1,1
"KERNEL_DISPATCH","Agent 2",1,1,564735,91,18,"ullm_paged_decode_attn_f32_kernel",91,71768710561917,71768711216685,1024,0,32,0,128,256,1,1,10240,1,1
"KERNEL_DISPATCH","Agent 2",1,1,564735,92,18,"ullm_paged_decode_attn_f32_kernel",92,71768712635540,71768713270547,1024,0,32,0,128,256,1,1,10240,1,1
"KERNEL_DISPATCH","Agent 2",1,1,564735,93,18,"ullm_paged_decode_attn_f32_kernel",93,71768713542070,71768714270998,1024,0,32,0,128,256,1,1,10240,1,1
"KERNEL_DISPATCH","Agent 2",1,1,564735,94,18,"ullm_paged_decode_attn_f32_kernel",94,71768715864615,71768716552503,1024,0,32,0,128,256,1,1,10240,1,1
"KERNEL_DISPATCH","Agent 2",1,1,564735,95,18,"ullm_paged_decode_attn_f32_kernel",95,71768718907489,71768719580336,1024,0,32,0,128,256,1,1,10240,1,1
"KERNEL_DISPATCH","Agent 2",1,1,564735,96,18,"ullm_paged_decode_attn_f32_kernel",96,71768721954544,71768722631871,1024,0,32,0,128,256,1,1,10240,1,1
"KERNEL_DISPATCH","Agent 2",1,1,564735,97,18,"ullm_paged_decode_attn_f32_kernel",97,71768725229579,71768725912826,1024,0,32,0,128,256,1,1,10240,1,1
"KERNEL_DISPATCH","Agent 2",1,1,564735,98,18,"ullm_paged_decode_attn_f32_kernel",98,71768729553906,71768730238434,1024,0,32,0,128,256,1,1,10240,1,1
"KERNEL_DISPATCH","Agent 2",1,1,564735,99,18,"ullm_paged_decode_attn_f32_kernel",99,71768731918172,71768732586699,1024,0,32,0,128,256,1,1,10240,1,1
"KERNEL_DISPATCH","Agent 2",1,1,564735,100,18,"ullm_paged_decode_attn_f32_kernel",100,71768737983358,71768738673846,1024,0,32,0,128,256,1,1,10240,1,1
"KERNEL_DISPATCH","Agent 2",1,1,564735,101,18,"ullm_paged_decode_attn_f32_kernel",101,71768741337595,71768742025803,1024,0,32,0,128,256,1,1,10240,1,1
"KERNEL_DISPATCH","Agent 2",1,1,564735,102,18,"ullm_paged_decode_attn_f32_kernel",102,71768742788211,71768743442058,1024,0,32,0,128,256,1,1,10240,1,1
"KERNEL_DISPATCH","Agent 2",1,1,564735,103,18,"ullm_paged_decode_attn_f32_kernel",103,71768744902074,71768745540521,1024,0,32,0,128,256,1,1,10240,1,1
"KERNEL_DISPATCH","Agent 2",1,1,564735,104,18,"ullm_paged_decode_attn_f32_kernel",104,71768747862707,71768748561194,1024,0,32,0,128,256,1,1,10240,1,1
"KERNEL_DISPATCH","Agent 2",1,1,564735,105,18,"ullm_paged_decode_attn_f32_kernel",105,71768751156583,71768751864590,1024,0,32,0,128,256,1,1,10240,1,1
"KERNEL_DISPATCH","Agent 2",1,1,564735,106,18,"ullm_paged_decode_attn_f32_kernel",106,71768754819743,71768755528271,1024,0,32,0,128,256,1,1,10240,1,1
"KERNEL_DISPATCH","Agent 2",1,1,564735,107,18,"ullm_paged_decode_attn_f32_kernel",107,71768757632934,71768758335621,1024,0,32,0,128,256,1,1,10240,1,1
"KERNEL_DISPATCH","Agent 2",1,1,564735,108,18,"ullm_paged_decode_attn_f32_kernel",108,71768761000290,71768761694258,1024,0,32,0,128,256,1,1,10240,1,1
"KERNEL_DISPATCH","Agent 2",1,1,564735,109,18,"ullm_paged_decode_attn_f32_kernel",109,71768763818521,71768764489409,1024,0,32,0,128,256,1,1,10240,1,1
"KERNEL_DISPATCH","Agent 2",1,1,564735,110,17,"ullm_paged_decode_attn_split_partial_f32_kernel",110,71768768508584,71768768895148,1024,0,32,0,128,256,1,1,92160,1,1
"KERNEL_DISPATCH","Agent 2",1,1,564735,111,16,"ullm_paged_decode_attn_split_merge_f32_kernel",111,71768769924815,71768769929855,0,0,16,0,128,256,1,1,10240,1,1
"KERNEL_DISPATCH","Agent 2",1,1,564735,112,17,"ullm_paged_decode_attn_split_partial_f32_kernel",112,71768769987029,71768770363153,1024,0,32,0,128,256,1,1,92160,1,1
"KERNEL_DISPATCH","Agent 2",1,1,564735,113,16,"ullm_paged_decode_attn_split_merge_f32_kernel",113,71768770402433,71768770406113,0,0,16,0,128,256,1,1,10240,1,1
"KERNEL_DISPATCH","Agent 2",1,1,564735,114,17,"ullm_paged_decode_attn_split_partial_f32_kernel",114,71768770461946,71768770673948,1024,0,32,0,128,256,1,1,92160,1,1
"KERNEL_DISPATCH","Agent 2",1,1,564735,115,16,"ullm_paged_decode_attn_split_merge_f32_kernel",115,71768772003363,71768772409007,0,0,16,0,128,256,1,1,10240,1,1
"KERNEL_DISPATCH","Agent 2",1,1,564735,116,17,"ullm_paged_decode_attn_split_partial_f32_kernel",116,71768773821911,71768774106154,1024,0,32,0,128,256,1,1,92160,1,1
"KERNEL_DISPATCH","Agent 2",1,1,564735,117,16,"ullm_paged_decode_attn_split_merge_f32_kernel",117,71768774567464,71768774570984,0,0,16,0,128,256,1,1,10240,1,1
"KERNEL_DISPATCH","Agent 2",1,1,564735,118,17,"ullm_paged_decode_attn_split_partial_f32_kernel",118,71768774618806,71768774816768,1024,0,32,0,128,256,1,1,92160,1,1
"KERNEL_DISPATCH","Agent 2",1,1,564735,119,16,"ullm_paged_decode_attn_split_merge_f32_kernel",119,71768776200022,71768776228942,0,0,16,0,128,256,1,1,10240,1,1
"KERNEL_DISPATCH","Agent 2",1,1,564735,120,17,"ullm_paged_decode_attn_split_partial_f32_kernel",120,71768776639262,71768776866464,1024,0,32,0,128,256,1,1,92160,1,1
"KERNEL_DISPATCH","Agent 2",1,1,564735,121,16,"ullm_paged_decode_attn_split_merge_f32_kernel",121,71768776913905,71768776917545,0,0,16,0,128,256,1,1,10240,1,1
"KERNEL_DISPATCH","Agent 2",1,1,564735,122,17,"ullm_paged_decode_attn_split_partial_f32_kernel",122,71768776968715,71768777160477,1024,0,32,0,128,256,1,1,92160,1,1
"KERNEL_DISPATCH","Agent 2",1,1,564735,123,16,"ullm_paged_decode_attn_split_merge_f32_kernel",123,71768777203868,71768777207388,0,0,16,0,128,256,1,1,10240,1,1
"KERNEL_DISPATCH","Agent 2",1,1,564735,124,17,"ullm_paged_decode_attn_split_partial_f32_kernel",124,71768777257289,71768777455972,1024,0,32,0,128,256,1,1,92160,1,1
"KERNEL_DISPATCH","Agent 2",1,1,564735,125,16,"ullm_paged_decode_attn_split_merge_f32_kernel",125,71768779607559,71768779613519,0,0,16,0,128,256,1,1,10240,1,1
"KERNEL_DISPATCH","Agent 2",1,1,564735,126,17,"ullm_paged_decode_attn_split_partial_f32_kernel",126,71768779668655,71768779876817,1024,0,32,0,128,256,1,1,92160,1,1
"KERNEL_DISPATCH","Agent 2",1,1,564735,127,16,"ullm_paged_decode_attn_split_merge_f32_kernel",127,71768780871060,71768780890460,0,0,16,0,128,256,1,1,10240,1,1
"KERNEL_DISPATCH","Agent 2",1,1,564735,128,17,"ullm_paged_decode_attn_split_partial_f32_kernel",128,71768782350796,71768782551038,1024,0,32,0,128,256,1,1,92160,1,1
"KERNEL_DISPATCH","Agent 2",1,1,564735,129,16,"ullm_paged_decode_attn_split_merge_f32_kernel",129,71768783144898,71768783148378,0,0,16,0,128,256,1,1,10240,1,1
"KERNEL_DISPATCH","Agent 2",1,1,564735,130,17,"ullm_paged_decode_attn_split_partial_f32_kernel",130,71768783615662,71768784543832,1024,0,32,0,128,256,1,1,92160,1,1
"KERNEL_DISPATCH","Agent 2",1,1,564735,131,16,"ullm_paged_decode_attn_split_merge_f32_kernel",131,71768785621931,71768785644531,0,0,16,0,128,256,1,1,10240,1,1
"KERNEL_DISPATCH","Agent 2",1,1,564735,132,17,"ullm_paged_decode_attn_split_partial_f32_kernel",132,71768787436614,71768787725416,1024,0,32,0,128,256,1,1,92160,1,1
"KERNEL_DISPATCH","Agent 2",1,1,564735,133,16,"ullm_paged_decode_attn_split_merge_f32_kernel",133,71768789395351,71768789401031,0,0,16,0,128,256,1,1,10240,1,1
"KERNEL_DISPATCH","Agent 2",1,1,564735,134,17,"ullm_paged_decode_attn_split_partial_f32_kernel",134,71768789448152,71768789650354,1024,0,32,0,128,256,1,1,92160,1,1
"KERNEL_DISPATCH","Agent 2",1,1,564735,135,16,"ullm_paged_decode_attn_split_merge_f32_kernel",135,71768791423531,71768791503971,0,0,16,0,128,256,1,1,10240,1,1
"KERNEL_DISPATCH","Agent 2",1,1,564735,136,17,"ullm_paged_decode_attn_split_partial_f32_kernel",136,71768793313669,71768793585791,1024,0,32,0,128,256,1,1,92160,1,1
"KERNEL_DISPATCH","Agent 2",1,1,564735,137,16,"ullm_paged_decode_attn_split_merge_f32_kernel",137,71768794953724,71768795003245,0,0,16,0,128,256,1,1,10240,1,1
"KERNEL_DISPATCH","Agent 2",1,1,564735,138,17,"ullm_paged_decode_attn_split_partial_f32_kernel",138,71768795611691,71768795877173,1024,0,32,0,128,256,1,1,92160,1,1
"KERNEL_DISPATCH","Agent 2",1,1,564735,139,16,"ullm_paged_decode_attn_split_merge_f32_kernel",139,71768797588749,71768797896752,0,0,16,0,128,256,1,1,10240,1,1
"KERNEL_DISPATCH","Agent 2",1,1,564735,140,17,"ullm_paged_decode_attn_split_partial_f32_kernel",140,71768800716899,71768801492306,1024,0,32,0,128,256,1,1,92160,1,1
"KERNEL_DISPATCH","Agent 2",1,1,564735,141,16,"ullm_paged_decode_attn_split_merge_f32_kernel",141,71768801516627,71768801524147,0,0,16,0,128,256,1,1,10240,1,1
"KERNEL_DISPATCH","Agent 2",1,1,564735,142,17,"ullm_paged_decode_attn_split_partial_f32_kernel",142,71768801570267,71768801961191,1024,0,32,0,128,256,1,1,92160,1,1
"KERNEL_DISPATCH","Agent 2",1,1,564735,143,16,"ullm_paged_decode_attn_split_merge_f32_kernel",143,71768801985591,71768801988951,0,0,16,0,128,256,1,1,10240,1,1
"KERNEL_DISPATCH","Agent 2",1,1,564735,144,17,"ullm_paged_decode_attn_split_partial_f32_kernel",144,71768802041472,71768802257914,1024,0,32,0,128,256,1,1,92160,1,1
"KERNEL_DISPATCH","Agent 2",1,1,564735,145,16,"ullm_paged_decode_attn_split_merge_f32_kernel",145,71768803207203,71768803236523,0,0,16,0,128,256,1,1,10240,1,1
"KERNEL_DISPATCH","Agent 2",1,1,564735,146,17,"ullm_paged_decode_attn_split_partial_f32_kernel",146,71768804641776,71768804919419,1024,0,32,0,128,256,1,1,92160,1,1
"KERNEL_DISPATCH","Agent 2",1,1,564735,147,16,"ullm_paged_decode_attn_split_merge_f32_kernel",147,71768806129791,71768806133271,0,0,16,0,128,256,1,1,10240,1,1
"KERNEL_DISPATCH","Agent 2",1,1,564735,148,17,"ullm_paged_decode_attn_split_partial_f32_kernel",148,71768806192471,71768806394073,1024,0,32,0,128,256,1,1,92160,1,1
"KERNEL_DISPATCH","Agent 2",1,1,564735,149,16,"ullm_paged_decode_attn_split_merge_f32_kernel",149,71768807192081,71768807211481,0,0,16,0,128,256,1,1,10240,1,1
"KERNEL_DISPATCH","Agent 2",1,1,564735,150,17,"ullm_paged_decode_attn_split_partial_f32_kernel",150,71768808052129,71768808247451,1024,0,32,0,128,256,1,1,92160,1,1
"KERNEL_DISPATCH","Agent 2",1,1,564735,151,16,"ullm_paged_decode_attn_split_merge_f32_kernel",151,71768808323012,71768808326732,0,0,16,0,128,256,1,1,10240,1,1
"KERNEL_DISPATCH","Agent 2",1,1,564735,152,17,"ullm_paged_decode_attn_split_partial_f32_kernel",152,71768808463733,71768808662095,1024,0,32,0,128,256,1,1,92160,1,1
"KERNEL_DISPATCH","Agent 2",1,1,564735,153,16,"ullm_paged_decode_attn_split_merge_f32_kernel",153,71768809130299,71768809133899,0,0,16,0,128,256,1,1,10240,1,1
"KERNEL_DISPATCH","Agent 2",1,1,564735,154,17,"ullm_paged_decode_attn_split_partial_f32_kernel",154,71768809193540,71768809397462,1024,0,32,0,128,256,1,1,92160,1,1
"KERNEL_DISPATCH","Agent 2",1,1,564735,155,16,"ullm_paged_decode_attn_split_merge_f32_kernel",155,71768810392911,71768810411311,0,0,16,0,128,256,1,1,10240,1,1
"KERNEL_DISPATCH","Agent 2",1,1,564735,156,17,"ullm_paged_decode_attn_split_partial_f32_kernel",156,71768811868285,71768812067847,1024,0,32,0,128,256,1,1,92160,1,1
"KERNEL_DISPATCH","Agent 2",1,1,564735,157,16,"ullm_paged_decode_attn_split_merge_f32_kernel",157,71768812632453,71768812636213,0,0,16,0,128,256,1,1,10240,1,1
"KERNEL_DISPATCH","Agent 2",1,1,564735,158,17,"ullm_paged_decode_attn_split_partial_f32_kernel",158,71768812766134,71768812976456,1024,0,32,0,128,256,1,1,92160,1,1
"KERNEL_DISPATCH","Agent 2",1,1,564735,159,16,"ullm_paged_decode_attn_split_merge_f32_kernel",159,71768814343189,71768814379429,0,0,16,0,128,256,1,1,10240,1,1
"KERNEL_DISPATCH","Agent 2",1,1,564735,160,17,"ullm_paged_decode_attn_split_partial_f32_kernel",160,71768815844043,71768816129486,1024,0,32,0,128,256,1,1,92160,1,1
"KERNEL_DISPATCH","Agent 2",1,1,564735,161,16,"ullm_paged_decode_attn_split_merge_f32_kernel",161,71768817507379,71768817565020,0,0,16,0,128,256,1,1,10240,1,1
"KERNEL_DISPATCH","Agent 2",1,1,564735,162,17,"ullm_paged_decode_attn_split_partial_f32_kernel",162,71768818867312,71768819153315,1024,0,32,0,128,256,1,1,92160,1,1
"KERNEL_DISPATCH","Agent 2",1,1,564735,163,16,"ullm_paged_decode_attn_split_merge_f32_kernel",163,71768820911091,71768820972692,0,0,16,0,128,256,1,1,10240,1,1
"KERNEL_DISPATCH","Agent 2",1,1,564735,164,17,"ullm_paged_decode_attn_split_partial_f32_kernel",164,71768822392945,71768822680388,1024,0,32,0,128,256,1,1,92160,1,1
"KERNEL_DISPATCH","Agent 2",1,1,564735,165,16,"ullm_paged_decode_attn_split_merge_f32_kernel",165,71768824037161,71768824076322,0,0,16,0,128,256,1,1,10240,1,1
"KERNEL_DISPATCH","Agent 2",1,1,564735,166,17,"ullm_paged_decode_attn_split_partial_f32_kernel",166,71768825027211,71768825287853,1024,0,32,0,128,256,1,1,92160,1,1
"KERNEL_DISPATCH","Agent 2",1,1,564735,167,16,"ullm_paged_decode_attn_split_merge_f32_kernel",167,71768827021550,71768827311592,0,0,16,0,128,256,1,1,10240,1,1
"KERNEL_DISPATCH","Agent 2",1,1,564735,168,17,"ullm_paged_decode_attn_split_partial_f32_kernel",168,71768830863026,71768831318230,1024,0,32,0,128,256,1,1,92160,1,1
"KERNEL_DISPATCH","Agent 2",1,1,564735,169,16,"ullm_paged_decode_attn_split_merge_f32_kernel",169,71768831347151,71768831350591,0,0,16,0,128,256,1,1,10240,1,1
"KERNEL_DISPATCH","Agent 2",1,1,564735,170,17,"ullm_paged_decode_attn_split_partial_f32_kernel",170,71768831407471,71768831605633,1024,0,32,0,128,256,1,1,92160,1,1
"KERNEL_DISPATCH","Agent 2",1,1,564735,171,16,"ullm_paged_decode_attn_split_merge_f32_kernel",171,71768831650994,71768831654794,0,0,16,0,128,256,1,1,10240,1,1
"KERNEL_DISPATCH","Agent 2",1,1,564735,172,17,"ullm_paged_decode_attn_split_partial_f32_kernel",172,71768831807645,71768832013127,1024,0,32,0,128,256,1,1,92160,1,1
"KERNEL_DISPATCH","Agent 2",1,1,564735,173,16,"ullm_paged_decode_attn_split_merge_f32_kernel",173,71768832493772,71768832516852,0,0,16,0,128,256,1,1,10240,1,1
"KERNEL_DISPATCH","Agent 2",1,1,564735,174,17,"ullm_paged_decode_attn_split_partial_f32_kernel",174,71768832666733,71768832876295,1024,0,32,0,128,256,1,1,92160,1,1
"KERNEL_DISPATCH","Agent 2",1,1,564735,175,16,"ullm_paged_decode_attn_split_merge_f32_kernel",175,71768833188258,71768833212778,0,0,16,0,128,256,1,1,10240,1,1
"KERNEL_DISPATCH","Agent 2",1,1,564735,176,17,"ullm_paged_decode_attn_split_partial_f32_kernel",176,71768833781224,71768834029506,1024,0,32,0,128,256,1,1,92160,1,1
"KERNEL_DISPATCH","Agent 2",1,1,564735,177,16,"ullm_paged_decode_attn_split_merge_f32_kernel",177,71768834429950,71768834451710,0,0,16,0,128,256,1,1,10240,1,1
"KERNEL_DISPATCH","Agent 2",1,1,564735,178,17,"ullm_paged_decode_attn_split_partial_f32_kernel",178,71768834871794,71768835141357,1024,0,32,0,128,256,1,1,92160,1,1
"KERNEL_DISPATCH","Agent 2",1,1,564735,179,16,"ullm_paged_decode_attn_split_merge_f32_kernel",179,71768835523320,71768835542281,0,0,16,0,128,256,1,1,10240,1,1
"KERNEL_DISPATCH","Agent 2",1,1,564735,180,17,"ullm_paged_decode_attn_split_partial_f32_kernel",180,71768835673922,71768835903364,1024,0,32,0,128,256,1,1,92160,1,1
"KERNEL_DISPATCH","Agent 2",1,1,564735,181,16,"ullm_paged_decode_attn_split_merge_f32_kernel",181,71768836206647,71768836227127,0,0,16,0,128,256,1,1,10240,1,1
"KERNEL_DISPATCH","Agent 2",1,1,564735,182,17,"ullm_paged_decode_attn_split_partial_f32_kernel",182,71768836781292,71768837069775,1024,0,32,0,128,256,1,1,92160,1,1
"KERNEL_DISPATCH","Agent 2",1,1,564735,183,16,"ullm_paged_decode_attn_split_merge_f32_kernel",183,71768837415218,71768837435339,0,0,16,0,128,256,1,1,10240,1,1
"KERNEL_DISPATCH","Agent 2",1,1,564735,184,17,"ullm_paged_decode_attn_split_partial_f32_kernel",184,71768837902423,71768838161666,1024,0,32,0,128,256,1,1,92160,1,1
"KERNEL_DISPATCH","Agent 2",1,1,564735,185,16,"ullm_paged_decode_attn_split_merge_f32_kernel",185,71768838525669,71768838544549,0,0,16,0,128,256,1,1,10240,1,1
"KERNEL_DISPATCH","Agent 2",1,1,564735,186,17,"ullm_paged_decode_attn_split_partial_f32_kernel",186,71768838672230,71768838889033,1024,0,32,0,128,256,1,1,92160,1,1
"KERNEL_DISPATCH","Agent 2",1,1,564735,187,16,"ullm_paged_decode_attn_split_merge_f32_kernel",187,71768839042354,71768839061314,0,0,16,0,128,256,1,1,10240,1,1
"KERNEL_DISPATCH","Agent 2",1,1,564735,188,17,"ullm_paged_decode_attn_split_partial_f32_kernel",188,71768839726360,71768839993683,1024,0,32,0,128,256,1,1,92160,1,1
"KERNEL_DISPATCH","Agent 2",1,1,564735,189,16,"ullm_paged_decode_attn_split_merge_f32_kernel",189,71768840333566,71768840354126,0,0,16,0,128,256,1,1,10240,1,1
"KERNEL_DISPATCH","Agent 2",1,1,564735,190,17,"ullm_paged_decode_attn_split_partial_f32_kernel",190,71768840753410,71768841014213,1024,0,32,0,128,256,1,1,92160,1,1
"KERNEL_DISPATCH","Agent 2",1,1,564735,191,16,"ullm_paged_decode_attn_split_merge_f32_kernel",191,71768841267215,71768841272415,0,0,16,0,128,256,1,1,10240,1,1
"KERNEL_DISPATCH","Agent 2",1,1,564735,192,17,"ullm_paged_decode_attn_split_partial_f32_kernel",192,71768841373496,71768841583418,1024,0,32,0,128,256,1,1,92160,1,1
"KERNEL_DISPATCH","Agent 2",1,1,564735,193,16,"ullm_paged_decode_attn_split_merge_f32_kernel",193,71768841741300,71768841745060,0,0,16,0,128,256,1,1,10240,1,1
"KERNEL_DISPATCH","Agent 2",1,1,564735,194,17,"ullm_paged_decode_attn_split_partial_f32_kernel",194,71768841861681,71768842118403,1024,0,32,0,128,256,1,1,92160,1,1
"KERNEL_DISPATCH","Agent 2",1,1,564735,195,16,"ullm_paged_decode_attn_split_merge_f32_kernel",195,71768842312205,71768842333525,0,0,16,0,128,256,1,1,10240,1,1
"KERNEL_DISPATCH","Agent 2",1,1,564735,196,17,"ullm_paged_decode_attn_split_partial_f32_kernel",196,71768843164693,71768843425056,1024,0,32,0,128,256,1,1,92160,1,1
"KERNEL_DISPATCH","Agent 2",1,1,564735,197,16,"ullm_paged_decode_attn_split_merge_f32_kernel",197,71768843694898,71768843698778,0,0,16,0,128,256,1,1,10240,1,1
"KERNEL_DISPATCH","Agent 2",1,1,564735,198,17,"ullm_paged_decode_attn_split_partial_f32_kernel",198,71768843852780,71768844092462,1024,0,32,0,128,256,1,1,92160,1,1
"KERNEL_DISPATCH","Agent 2",1,1,564735,199,16,"ullm_paged_decode_attn_split_merge_f32_kernel",199,71768844472346,71768844499946,0,0,16,0,128,256,1,1,10240,1,1
"KERNEL_DISPATCH","Agent 2",1,1,564735,200,17,"ullm_paged_decode_attn_split_partial_f32_kernel",200,71768844717068,71768844935510,1024,0,32,0,128,256,1,1,92160,1,1
"KERNEL_DISPATCH","Agent 2",1,1,564735,201,16,"ullm_paged_decode_attn_split_merge_f32_kernel",201,71768845255873,71768845275513,0,0,16,0,128,256,1,1,10240,1,1
"KERNEL_DISPATCH","Agent 2",1,1,564735,202,17,"ullm_paged_decode_attn_split_partial_f32_kernel",202,71768846149682,71768846415284,1024,0,32,0,128,256,1,1,92160,1,1
"KERNEL_DISPATCH","Agent 2",1,1,564735,203,16,"ullm_paged_decode_attn_split_merge_f32_kernel",203,71768846746727,71768846771448,0,0,16,0,128,256,1,1,10240,1,1
"KERNEL_DISPATCH","Agent 2",1,1,564735,204,17,"ullm_paged_decode_attn_split_partial_f32_kernel",204,71768847201852,71768847448494,1024,0,32,0,128,256,1,1,92160,1,1
"KERNEL_DISPATCH","Agent 2",1,1,564735,205,16,"ullm_paged_decode_attn_split_merge_f32_kernel",205,71768847602495,71768847628336,0,0,16,0,128,256,1,1,10240,1,1
"KERNEL_DISPATCH","Agent 2",1,1,564735,206,17,"ullm_paged_decode_attn_split_partial_f32_kernel",206,71768847850458,71768848146661,1024,0,32,0,128,256,1,1,92160,1,1
"KERNEL_DISPATCH","Agent 2",1,1,564735,207,16,"ullm_paged_decode_attn_split_merge_f32_kernel",207,71768848432023,71768848455224,0,0,16,0,128,256,1,1,10240,1,1
"KERNEL_DISPATCH","Agent 2",1,1,564735,208,17,"ullm_paged_decode_attn_split_partial_f32_kernel",208,71768848993949,71768849260951,1024,0,32,0,128,256,1,1,92160,1,1
"KERNEL_DISPATCH","Agent 2",1,1,564735,209,16,"ullm_paged_decode_attn_split_merge_f32_kernel",209,71768849622795,71768849648115,0,0,16,0,128,256,1,1,10240,1,1
"KERNEL_DISPATCH","Agent 2",1,1,564735,210,17,"ullm_paged_decode_attn_split_partial_f32_kernel",210,71768850054201,71768850312683,1024,0,32,0,128,256,1,1,92160,1,1
"KERNEL_DISPATCH","Agent 2",1,1,564735,211,16,"ullm_paged_decode_attn_split_merge_f32_kernel",211,71768850684926,71768850709606,0,0,16,0,128,256,1,1,10240,1,1
"KERNEL_DISPATCH","Agent 2",1,1,564735,212,17,"ullm_paged_decode_attn_split_partial_f32_kernel",212,71768850927928,71768851154211,1024,0,32,0,128,256,1,1,92160,1,1
"KERNEL_DISPATCH","Agent 2",1,1,564735,213,16,"ullm_paged_decode_attn_split_merge_f32_kernel",213,71768851479654,71768851502694,0,0,16,0,128,256,1,1,10240,1,1
"KERNEL_DISPATCH","Agent 2",1,1,564735,214,17,"ullm_paged_decode_attn_split_partial_f32_kernel",214,71768851972899,71768852249181,1024,0,32,0,128,256,1,1,92160,1,1
"KERNEL_DISPATCH","Agent 2",1,1,564735,215,16,"ullm_paged_decode_attn_split_merge_f32_kernel",215,71768852563944,71768852582545,0,0,16,0,128,256,1,1,10240,1,1
"KERNEL_DISPATCH","Agent 2",1,1,564735,216,17,"ullm_paged_decode_attn_split_partial_f32_kernel",216,71768853063629,71768853321752,1024,0,32,0,128,256,1,1,92160,1,1
"KERNEL_DISPATCH","Agent 2",1,1,564735,217,16,"ullm_paged_decode_attn_split_merge_f32_kernel",217,71768853568634,71768853573354,0,0,16,0,128,256,1,1,10240,1,1
"KERNEL_DISPATCH","Agent 2",1,1,564735,218,17,"ullm_paged_decode_attn_split_partial_f32_kernel",218,71768853656955,71768853868717,1024,0,32,0,128,256,1,1,92160,1,1
"KERNEL_DISPATCH","Agent 2",1,1,564735,219,16,"ullm_paged_decode_attn_split_merge_f32_kernel",219,71768853992438,71768854011438,0,0,16,0,128,256,1,1,10240,1,1
"KERNEL_DISPATCH","Agent 2",1,1,564735,220,17,"ullm_paged_decode_attn_split_partial_f32_kernel",220,71768854097879,71768854330642,1024,0,32,0,128,256,1,1,92160,1,1
"KERNEL_DISPATCH","Agent 2",1,1,564735,221,16,"ullm_paged_decode_attn_split_merge_f32_kernel",221,71768854518723,71768854537084,0,0,16,0,128,256,1,1,10240,1,1
"KERNEL_DISPATCH","Agent 2",1,1,564735,222,17,"ullm_paged_decode_attn_split_partial_f32_kernel",222,71768855371652,71768855632054,1024,0,32,0,128,256,1,1,92160,1,1
"KERNEL_DISPATCH","Agent 2",1,1,564735,223,16,"ullm_paged_decode_attn_split_merge_f32_kernel",223,71768855917297,71768855941937,0,0,16,0,128,256,1,1,10240,1,1
"KERNEL_DISPATCH","Agent 2",1,1,564735,224,17,"ullm_paged_decode_attn_split_partial_f32_kernel",224,71768856354501,71768856599544,1024,0,32,0,128,256,1,1,92160,1,1
"KERNEL_DISPATCH","Agent 2",1,1,564735,225,16,"ullm_paged_decode_attn_split_merge_f32_kernel",225,71768856747105,71768856771705,0,0,16,0,128,256,1,1,10240,1,1
"KERNEL_DISPATCH","Agent 2",1,1,564735,226,17,"ullm_paged_decode_attn_split_partial_f32_kernel",226,71768856981827,71768857193790,1024,0,32,0,128,256,1,1,92160,1,1
"KERNEL_DISPATCH","Agent 2",1,1,564735,227,16,"ullm_paged_decode_attn_split_merge_f32_kernel",227,71768857510393,71768857534833,0,0,16,0,128,256,1,1,10240,1,1
"KERNEL_DISPATCH","Agent 2",1,1,564735,228,17,"ullm_paged_decode_attn_split_partial_f32_kernel",228,71768858062398,71768858328521,1024,0,32,0,128,256,1,1,92160,1,1
"KERNEL_DISPATCH","Agent 2",1,1,564735,229,16,"ullm_paged_decode_attn_split_merge_f32_kernel",229,71768858663284,71768858683444,0,0,16,0,128,256,1,1,10240,1,1
"KERNEL_DISPATCH","Agent 2",1,1,564735,230,17,"ullm_paged_decode_attn_split_partial_f32_kernel",230,71768859077688,71768859338171,1024,0,32,0,128,256,1,1,92160,1,1
"KERNEL_DISPATCH","Agent 2",1,1,564735,231,16,"ullm_paged_decode_attn_split_merge_f32_kernel",231,71768859691334,71768859713734,0,0,16,0,128,256,1,1,10240,1,1
"KERNEL_DISPATCH","Agent 2",1,1,564735,232,17,"ullm_paged_decode_attn_split_partial_f32_kernel",232,71768859846015,71768860069178,1024,0,32,0,128,256,1,1,92160,1,1
"KERNEL_DISPATCH","Agent 2",1,1,564735,233,16,"ullm_paged_decode_attn_split_merge_f32_kernel",233,71768860233739,71768860255699,0,0,16,0,128,256,1,1,10240,1,1
"KERNEL_DISPATCH","Agent 2",1,1,564735,234,17,"ullm_paged_decode_attn_split_partial_f32_kernel",234,71768860873626,71768861140108,1024,0,32,0,128,256,1,1,92160,1,1
"KERNEL_DISPATCH","Agent 2",1,1,564735,235,16,"ullm_paged_decode_attn_split_merge_f32_kernel",235,71768861472631,71768861492792,0,0,16,0,128,256,1,1,10240,1,1
"KERNEL_DISPATCH","Agent 2",1,1,564735,236,17,"ullm_paged_decode_attn_split_partial_f32_kernel",236,71768861879075,71768862144078,1024,0,32,0,128,256,1,1,92160,1,1
"KERNEL_DISPATCH","Agent 2",1,1,564735,237,16,"ullm_paged_decode_attn_split_merge_f32_kernel",237,71768862494681,71768862515722,0,0,16,0,128,256,1,1,10240,1,1
"KERNEL_DISPATCH","Agent 2",1,1,564735,238,17,"ullm_paged_decode_attn_split_partial_f32_kernel",238,71768862642763,71768862860325,1024,0,32,0,128,256,1,1,92160,1,1
"KERNEL_DISPATCH","Agent 2",1,1,564735,239,16,"ullm_paged_decode_attn_split_merge_f32_kernel",239,71768863020646,71768863039567,0,0,16,0,128,256,1,1,10240,1,1
"KERNEL_DISPATCH","Agent 2",1,1,564735,240,17,"ullm_paged_decode_attn_split_partial_f32_kernel",240,71768863694453,71768863966816,1024,0,32,0,128,256,1,1,92160,1,1
"KERNEL_DISPATCH","Agent 2",1,1,564735,241,16,"ullm_paged_decode_attn_split_merge_f32_kernel",241,71768864295699,71768864316819,0,0,16,0,128,256,1,1,10240,1,1
"KERNEL_DISPATCH","Agent 2",1,1,564735,242,17,"ullm_paged_decode_attn_split_partial_f32_kernel",242,71768864720823,71768864981546,1024,0,32,0,128,256,1,1,92160,1,1
"KERNEL_DISPATCH","Agent 2",1,1,564735,243,16,"ullm_paged_decode_attn_split_merge_f32_kernel",243,71768865231988,71768865237108,0,0,16,0,128,256,1,1,10240,1,1
"KERNEL_DISPATCH","Agent 2",1,1,564735,244,17,"ullm_paged_decode_attn_split_partial_f32_kernel",244,71768865327869,71768865534631,1024,0,32,0,128,256,1,1,92160,1,1
"KERNEL_DISPATCH","Agent 2",1,1,564735,245,16,"ullm_paged_decode_attn_split_merge_f32_kernel",245,71768865664632,71768865668752,0,0,16,0,128,256,1,1,10240,1,1
"KERNEL_DISPATCH","Agent 2",1,1,564735,246,17,"ullm_paged_decode_attn_split_partial_f32_kernel",246,71768865784063,71768866028786,1024,0,32,0,128,256,1,1,92160,1,1
"KERNEL_DISPATCH","Agent 2",1,1,564735,247,16,"ullm_paged_decode_attn_split_merge_f32_kernel",247,71768866216628,71768866236108,0,0,16,0,128,256,1,1,10240,1,1
"KERNEL_DISPATCH","Agent 2",1,1,564735,248,17,"ullm_paged_decode_attn_split_partial_f32_kernel",248,71768867090596,71768867347079,1024,0,32,0,128,256,1,1,92160,1,1
"KERNEL_DISPATCH","Agent 2",1,1,564735,249,16,"ullm_paged_decode_attn_split_merge_f32_kernel",249,71768867622601,71768867626842,0,0,16,0,128,256,1,1,10240,1,1
"KERNEL_DISPATCH","Agent 2",1,1,564735,250,17,"ullm_paged_decode_attn_split_partial_f32_kernel",250,71768867773163,71768868015525,1024,0,32,0,128,256,1,1,92160,1,1
"KERNEL_DISPATCH","Agent 2",1,1,564735,251,16,"ullm_paged_decode_attn_split_merge_f32_kernel",251,71768868353969,71768868371529,0,0,16,0,128,256,1,1,10240,1,1
"KERNEL_DISPATCH","Agent 2",1,1,564735,252,17,"ullm_paged_decode_attn_split_partial_f32_kernel",252,71768868496570,71768868714892,1024,0,32,0,128,256,1,1,92160,1,1
"KERNEL_DISPATCH","Agent 2",1,1,564735,253,16,"ullm_paged_decode_attn_split_merge_f32_kernel",253,71768869007255,71768869026095,0,0,16,0,128,256,1,1,10240,1,1
"KERNEL_DISPATCH","Agent 2",1,1,564735,254,17,"ullm_paged_decode_attn_split_partial_f32_kernel",254,71768869490020,71768869765662,1024,0,32,0,128,256,1,1,92160,1,1
"KERNEL_DISPATCH","Agent 2",1,1,564735,255,16,"ullm_paged_decode_attn_split_merge_f32_kernel",255,71768870038185,71768870056505,0,0,16,0,128,256,1,1,10240,1,1
"KERNEL_DISPATCH","Agent 2",1,1,564735,256,17,"ullm_paged_decode_attn_split_partial_f32_kernel",256,71768870466349,71768870722192,1024,0,32,0,128,256,1,1,92160,1,1
"KERNEL_DISPATCH","Agent 2",1,1,564735,257,16,"ullm_paged_decode_attn_split_merge_f32_kernel",257,71768871056395,71768871073395,0,0,16,0,128,256,1,1,10240,1,1
"KERNEL_DISPATCH","Agent 2",1,1,564735,258,17,"ullm_paged_decode_attn_split_partial_f32_kernel",258,71768871193156,71768871418239,1024,0,32,0,128,256,1,1,92160,1,1
"KERNEL_DISPATCH","Agent 2",1,1,564735,259,16,"ullm_paged_decode_attn_split_merge_f32_kernel",259,71768871560280,71768871578160,0,0,16,0,128,256,1,1,10240,1,1
"KERNEL_DISPATCH","Agent 2",1,1,564735,260,17,"ullm_paged_decode_attn_split_partial_f32_kernel",260,71768871879923,71768872119885,1024,0,32,0,128,256,1,1,92160,1,1
"KERNEL_DISPATCH","Agent 2",1,1,564735,261,16,"ullm_paged_decode_attn_split_merge_f32_kernel",261,71768872805852,71768872823172,0,0,16,0,128,256,1,1,10240,1,1
"KERNEL_DISPATCH","Agent 2",1,1,564735,262,17,"ullm_paged_decode_attn_split_partial_f32_kernel",262,71768873239096,71768873510459,1024,0,32,0,128,256,1,1,92160,1,1
"KERNEL_DISPATCH","Agent 2",1,1,564735,263,16,"ullm_paged_decode_attn_split_merge_f32_kernel",263,71768873836582,71768873853742,0,0,16,0,128,256,1,1,10240,1,1
"KERNEL_DISPATCH","Agent 2",1,1,564735,264,17,"ullm_paged_decode_attn_split_partial_f32_kernel",264,71768873972824,71768874201146,1024,0,32,0,128,256,1,1,92160,1,1
"KERNEL_DISPATCH","Agent 2",1,1,564735,265,16,"ullm_paged_decode_attn_split_merge_f32_kernel",265,71768874479628,71768874532309,0,0,16,0,128,256,1,1,10240,1,1
"KERNEL_DISPATCH","Agent 2",1,1,564735,266,17,"ullm_paged_decode_attn_split_partial_f32_kernel",266,71768874988753,71768875502478,1024,0,32,0,128,256,1,1,92160,1,1
"KERNEL_DISPATCH","Agent 2",1,1,564735,267,16,"ullm_paged_decode_attn_split_merge_f32_kernel",267,71768875920483,71768875963803,0,0,16,0,128,256,1,1,10240,1,1
"KERNEL_DISPATCH","Agent 2",1,1,564735,268,17,"ullm_paged_decode_attn_split_partial_f32_kernel",268,71768876081804,71768876344887,1024,0,32,0,128,256,1,1,92160,1,1
"KERNEL_DISPATCH","Agent 2",1,1,564735,269,16,"ullm_paged_decode_attn_split_merge_f32_kernel",269,71768876587569,71768876592089,0,0,16,0,128,256,1,1,10240,1,1
"KERNEL_DISPATCH","Agent 2",1,1,564735,270,17,"ullm_paged_decode_attn_split_partial_f32_kernel",270,71768876674850,71768876891412,1024,0,32,0,128,256,1,1,92160,1,1
"KERNEL_DISPATCH","Agent 2",1,1,564735,271,16,"ullm_paged_decode_attn_split_merge_f32_kernel",271,71768876966973,71768876970493,0,0,16,0,128,256,1,1,10240,1,1
"KERNEL_DISPATCH","Agent 2",1,1,564735,272,17,"ullm_paged_decode_attn_split_partial_f32_kernel",272,71768877080044,71768877325846,1024,0,32,0,128,256,1,1,92160,1,1
"KERNEL_DISPATCH","Agent 2",1,1,564735,273,16,"ullm_paged_decode_attn_split_merge_f32_kernel",273,71768877507928,71768877527048,0,0,16,0,128,256,1,1,10240,1,1
"KERNEL_DISPATCH","Agent 2",1,1,564735,274,17,"ullm_paged_decode_attn_split_partial_f32_kernel",274,71768878362576,71768878626219,1024,0,32,0,128,256,1,1,92160,1,1
"KERNEL_DISPATCH","Agent 2",1,1,564735,275,16,"ullm_paged_decode_attn_split_merge_f32_kernel",275,71768878890142,71768878893702,0,0,16,0,128,256,1,1,10240,1,1
"KERNEL_DISPATCH","Agent 2",1,1,564735,276,17,"ullm_paged_decode_attn_split_partial_f32_kernel",276,71768879029823,71768879278985,1024,0,32,0,128,256,1,1,92160,1,1
"KERNEL_DISPATCH","Agent 2",1,1,564735,277,16,"ullm_paged_decode_attn_split_merge_f32_kernel",277,71768879610349,71768879627869,0,0,16,0,128,256,1,1,10240,1,1
"KERNEL_DISPATCH","Agent 2",1,1,564735,278,17,"ullm_paged_decode_attn_split_partial_f32_kernel",278,71768879750030,71768879960272,1024,0,32,0,128,256,1,1,92160,1,1
"KERNEL_DISPATCH","Agent 2",1,1,564735,279,16,"ullm_paged_decode_attn_split_merge_f32_kernel",279,71768880281675,71768880298995,0,0,16,0,128,256,1,1,10240,1,1
"KERNEL_DISPATCH","Agent 2",1,1,564735,280,17,"ullm_paged_decode_attn_split_partial_f32_kernel",280,71768880804120,71768881071563,1024,0,32,0,128,256,1,1,92160,1,1
"KERNEL_DISPATCH","Agent 2",1,1,564735,281,16,"ullm_paged_decode_attn_split_merge_f32_kernel",281,71768881360246,71768881378086,0,0,16,0,128,256,1,1,10240,1,1
"KERNEL_DISPATCH","Agent 2",1,1,564735,282,17,"ullm_paged_decode_attn_split_partial_f32_kernel",282,71768881803650,71768882064413,1024,0,32,0,128,256,1,1,92160,1,1
"KERNEL_DISPATCH","Agent 2",1,1,564735,283,16,"ullm_paged_decode_attn_split_merge_f32_kernel",283,71768882237134,71768882255654,0,0,16,0,128,256,1,1,10240,1,1
"KERNEL_DISPATCH","Agent 2",1,1,564735,284,17,"ullm_paged_decode_attn_split_partial_f32_kernel",284,71768882477657,71768882702539,1024,0,32,0,128,256,1,1,92160,1,1
"KERNEL_DISPATCH","Agent 2",1,1,564735,285,16,"ullm_paged_decode_attn_split_merge_f32_kernel",285,71768882987462,71768883004902,0,0,16,0,128,256,1,1,10240,1,1
"KERNEL_DISPATCH","Agent 2",1,1,564735,286,17,"ullm_paged_decode_attn_split_partial_f32_kernel",286,71768883508227,71768883780269,1024,0,32,0,128,256,1,1,92160,1,1
"KERNEL_DISPATCH","Agent 2",1,1,564735,287,16,"ullm_paged_decode_attn_split_merge_f32_kernel",287,71768884109753,71768884126993,0,0,16,0,128,256,1,1,10240,1,1
"KERNEL_DISPATCH","Agent 2",1,1,564735,288,17,"ullm_paged_decode_attn_split_partial_f32_kernel",288,71768884616678,71768884870400,1024,0,32,0,128,256,1,1,92160,1,1
"KERNEL_DISPATCH","Agent 2",1,1,564735,289,16,"ullm_paged_decode_attn_split_merge_f32_kernel",289,71768885176123,71768885193123,0,0,16,0,128,256,1,1,10240,1,1
"KERNEL_DISPATCH","Agent 2",1,1,564735,290,17,"ullm_paged_decode_attn_split_partial_f32_kernel",290,71768885272724,71768885486366,1024,0,32,0,128,256,1,1,92160,1,1
"KERNEL_DISPATCH","Agent 2",1,1,564735,291,16,"ullm_paged_decode_attn_split_merge_f32_kernel",291,71768885803529,71768885820649,0,0,16,0,128,256,1,1,10240,1,1
"KERNEL_DISPATCH","Agent 2",1,1,564735,292,17,"ullm_paged_decode_attn_split_partial_f32_kernel",292,71768886326014,71768886599537,1024,0,32,0,128,256,1,1,92160,1,1
"KERNEL_DISPATCH","Agent 2",1,1,564735,293,16,"ullm_paged_decode_attn_split_merge_f32_kernel",293,71768886885580,71768886903660,0,0,16,0,128,256,1,1,10240,1,1
"KERNEL_DISPATCH","Agent 2",1,1,564735,294,17,"ullm_paged_decode_attn_split_partial_f32_kernel",294,71768887322864,71768887578386,1024,0,32,0,128,256,1,1,92160,1,1
"KERNEL_DISPATCH","Agent 2",1,1,564735,295,16,"ullm_paged_decode_attn_split_merge_f32_kernel",295,71768887821709,71768887826469,0,0,16,0,128,256,1,1,10240,1,1
"KERNEL_DISPATCH","Agent 2",1,1,564735,296,17,"ullm_paged_decode_attn_split_partial_f32_kernel",296,71768887913950,71768888117272,1024,0,32,0,128,256,1,1,92160,1,1
"KERNEL_DISPATCH","Agent 2",1,1,564735,297,16,"ullm_paged_decode_attn_split_merge_f32_kernel",297,71768888227273,71768888230753,0,0,16,0,128,256,1,1,10240,1,1
"KERNEL_DISPATCH","Agent 2",1,1,564735,298,17,"ullm_paged_decode_attn_split_partial_f32_kernel",298,71768888340844,71768888580326,1024,0,32,0,128,256,1,1,92160,1,1
"KERNEL_DISPATCH","Agent 2",1,1,564735,299,16,"ullm_paged_decode_attn_split_merge_f32_kernel",299,71768888697087,71768888700647,0,0,16,0,128,256,1,1,10240,1,1
"KERNEL_DISPATCH","Agent 2",1,1,564735,300,17,"ullm_paged_decode_attn_split_partial_f32_kernel",300,71768889160252,71768889408734,1024,0,32,0,128,256,1,1,92160,1,1
"KERNEL_DISPATCH","Agent 2",1,1,564735,301,16,"ullm_paged_decode_attn_split_merge_f32_kernel",301,71768889756258,71768889774138,0,0,16,0,128,256,1,1,10240,1,1
"KERNEL_DISPATCH","Agent 2",1,1,564735,302,17,"ullm_paged_decode_attn_split_partial_f32_kernel",302,71768890187662,71768890443424,1024,0,32,0,128,256,1,1,92160,1,1
"KERNEL_DISPATCH","Agent 2",1,1,564735,303,16,"ullm_paged_decode_attn_split_merge_f32_kernel",303,71768890796628,71768890814708,0,0,16,0,128,256,1,1,10240,1,1
"KERNEL_DISPATCH","Agent 2",1,1,564735,304,17,"ullm_paged_decode_attn_split_partial_f32_kernel",304,71768890930309,71768891151831,1024,0,32,0,128,256,1,1,92160,1,1
"KERNEL_DISPATCH","Agent 2",1,1,564735,305,16,"ullm_paged_decode_attn_split_merge_f32_kernel",305,71768891292353,71768891309993,0,0,16,0,128,256,1,1,10240,1,1
"KERNEL_DISPATCH","Agent 2",1,1,564735,306,17,"ullm_paged_decode_attn_split_partial_f32_kernel",306,71768891610676,71768891844878,1024,0,32,0,128,256,1,1,92160,1,1
"KERNEL_DISPATCH","Agent 2",1,1,564735,307,16,"ullm_paged_decode_attn_split_merge_f32_kernel",307,71768892548765,71768892566565,0,0,16,0,128,256,1,1,10240,1,1
"KERNEL_DISPATCH","Agent 2",1,1,564735,308,17,"ullm_paged_decode_attn_split_partial_f32_kernel",308,71768892992249,71768893262892,1024,0,32,0,128,256,1,1,92160,1,1
"KERNEL_DISPATCH","Agent 2",1,1,564735,309,16,"ullm_paged_decode_attn_split_merge_f32_kernel",309,71768893599935,71768893617095,0,0,16,0,128,256,1,1,10240,1,1
"KERNEL_DISPATCH","Agent 2",1,1,564735,310,17,"ullm_paged_decode_attn_split_partial_f32_kernel",310,71768893735577,71768893956059,1024,0,32,0,128,256,1,1,92160,1,1
"KERNEL_DISPATCH","Agent 2",1,1,564735,311,16,"ullm_paged_decode_attn_split_merge_f32_kernel",311,71768894106740,71768894125580,0,0,16,0,128,256,1,1,10240,1,1
"KERNEL_DISPATCH","Agent 2",1,1,564735,312,17,"ullm_paged_decode_attn_split_partial_f32_kernel",312,71768894795507,71768895063550,1024,0,32,0,128,256,1,1,92160,1,1
"KERNEL_DISPATCH","Agent 2",1,1,564735,313,16,"ullm_paged_decode_attn_split_merge_f32_kernel",313,71768895410993,71768895430953,0,0,16,0,128,256,1,1,10240,1,1
"KERNEL_DISPATCH","Agent 2",1,1,564735,314,17,"ullm_paged_decode_attn_split_partial_f32_kernel",314,71768895838837,71768896104360,1024,0,32,0,128,256,1,1,92160,1,1
"KERNEL_DISPATCH","Agent 2",1,1,564735,315,16,"ullm_paged_decode_attn_split_merge_f32_kernel",315,71768896479043,71768896503244,0,0,16,0,128,256,1,1,10240,1,1
"KERNEL_DISPATCH","Agent 2",1,1,564735,316,17,"ullm_paged_decode_attn_split_partial_f32_kernel",316,71768896650005,71768896873607,1024,0,32,0,128,256,1,1,92160,1,1
"KERNEL_DISPATCH","Agent 2",1,1,564735,317,16,"ullm_paged_decode_attn_split_merge_f32_kernel",317,71768897047289,71768897070169,0,0,16,0,128,256,1,1,10240,1,1
"KERNEL_DISPATCH","Agent 2",1,1,564735,318,17,"ullm_paged_decode_attn_split_partial_f32_kernel",318,71768897750456,71768898027739,1024,0,32,0,128,256,1,1,92160,1,1
"KERNEL_DISPATCH","Agent 2",1,1,564735,319,16,"ullm_paged_decode_attn_split_merge_f32_kernel",319,71768898373822,71768898397382,0,0,16,0,128,256,1,1,10240,1,1
