stage	started	finished	duration_seconds	status
preflight	2026-07-27T04:54:04+00:00	2026-07-27T04:54:04+00:00	0	pass
cpu	2026-07-27T04:54:04+00:00	2026-07-27T04:55:26+00:00	82	pass
hiprtc	2026-07-27T04:55:26+00:00	2026-07-27T04:55:58+00:00	32	pass
build	2026-07-27T04:55:58+00:00	2026-07-27T04:56:52+00:00	54	pass
isa	2026-07-27T04:56:52+00:00	2026-07-27T04:56:56+00:00	4	pass
physical	2026-07-27T04:56:56+00:00	2026-07-27T04:56:58+00:00	2	pass
hw_microbench	2026-07-27T04:57:35+00:00	2026-07-27T04:57:44+00:00	9	fail:127
hw_microbench	2026-07-27T04:58:38+00:00	2026-07-27T04:59:10+00:00	32	fail:1
hw_microbench	2026-07-27T05:00:20+00:00	2026-07-27T05:00:54+00:00	34	pass
