"Kind","Direction","Stream_Id","Source_Agent_Id","Destination_Agent_Id","Correlation_Id","Start_Timestamp","End_Timestamp"
"MEMORY_COPY","MEMORY_COPY_HOST_TO_DEVICE",1,"Agent 0","Agent 2",32,53557544141442,53557544155522
"MEMORY_COPY","MEMORY_COPY_HOST_TO_DEVICE",1,"Agent 0","Agent 2",35,53557551521272,53557553752937
"MEMORY_COPY","MEMORY_COPY_HOST_TO_DEVICE",1,"Agent 0","Agent 2",35,53557553801817,53557555615157
"MEMORY_COPY","MEMORY_COPY_HOST_TO_DEVICE",1,"Agent 0","Agent 2",35,53557556740780,53557558939844
"MEMORY_COPY","MEMORY_COPY_HOST_TO_DEVICE",1,"Agent 0","Agent 2",35,53557560414400,53557565197253
"MEMORY_COPY","MEMORY_COPY_HOST_TO_DEVICE",1,"Agent 0","Agent 2",35,53557565208773,53557569669263
"MEMORY_COPY","MEMORY_COPY_HOST_TO_DEVICE",1,"Agent 0","Agent 2",35,53557569677263,53557573186621
"MEMORY_COPY","MEMORY_COPY_HOST_TO_DEVICE",1,"Agent 0","Agent 2",35,53557573196102,53557575531247
"MEMORY_COPY","MEMORY_COPY_HOST_TO_DEVICE",1,"Agent 0","Agent 2",35,53557575539007,53557577343267
"MEMORY_COPY","MEMORY_COPY_HOST_TO_DEVICE",1,"Agent 0","Agent 2",35,53557577352827,53557580073177
"MEMORY_COPY","MEMORY_COPY_HOST_TO_DEVICE",1,"Agent 0","Agent 2",35,53557580081258,53557584128942
"MEMORY_COPY","MEMORY_COPY_HOST_TO_DEVICE",1,"Agent 0","Agent 2",35,53557584135222,53557588193347
"MEMORY_COPY","MEMORY_COPY_HOST_TO_DEVICE",1,"Agent 0","Agent 2",35,53557588200427,53557591734346
"MEMORY_COPY","MEMORY_COPY_HOST_TO_DEVICE",1,"Agent 0","Agent 2",35,53557591749266,53557594261534
"MEMORY_COPY","MEMORY_COPY_HOST_TO_DEVICE",1,"Agent 0","Agent 2",35,53557594272974,53557596730041
"MEMORY_COPY","MEMORY_COPY_HOST_TO_DEVICE",1,"Agent 0","Agent 2",35,53557596742041,53557600974248
"MEMORY_COPY","MEMORY_COPY_HOST_TO_DEVICE",1,"Agent 0","Agent 2",35,53557600988408,53557604839291
"MEMORY_COPY","MEMORY_COPY_HOST_TO_DEVICE",1,"Agent 0","Agent 2",35,53557604849889,53557608447808
"MEMORY_COPY","MEMORY_COPY_HOST_TO_DEVICE",1,"Agent 0","Agent 2",35,53557608469248,53557611378240
"MEMORY_COPY","MEMORY_COPY_HOST_TO_DEVICE",1,"Agent 0","Agent 2",35,53557611389680,53557614154271
"MEMORY_COPY","MEMORY_COPY_HOST_TO_DEVICE",1,"Agent 0","Agent 2",35,53557614170871,53557616705979
"MEMORY_COPY","MEMORY_COPY_HOST_TO_DEVICE",1,"Agent 0","Agent 2",35,53557616714939,53557619435569
"MEMORY_COPY","MEMORY_COPY_HOST_TO_DEVICE",1,"Agent 0","Agent 2",35,53557619444089,53557623066609
"MEMORY_COPY","MEMORY_COPY_HOST_TO_DEVICE",1,"Agent 0","Agent 2",35,53557623078129,53557626018242
"MEMORY_COPY","MEMORY_COPY_HOST_TO_DEVICE",1,"Agent 0","Agent 2",35,53557626026282,53557628362468
"MEMORY_COPY","MEMORY_COPY_HOST_TO_DEVICE",1,"Agent 0","Agent 2",35,53557628369108,53557629144677
"MEMORY_COPY","MEMORY_COPY_HOST_TO_DEVICE",1,"Agent 0","Agent 2",38,53557629305398,53557629310558
"MEMORY_COPY","MEMORY_COPY_HOST_TO_DEVICE",1,"Agent 0","Agent 2",41,53557630591143,53557632226321
"MEMORY_COPY","MEMORY_COPY_HOST_TO_DEVICE",1,"Agent 0","Agent 2",44,53557632532284,53557632735766
"MEMORY_COPY","MEMORY_COPY_HOST_TO_DEVICE",1,"Agent 0","Agent 2",47,53557632973659,53557633329623
"MEMORY_COPY","MEMORY_COPY_HOST_TO_DEVICE",1,"Agent 0","Agent 2",50,53557634495026,53557636433327
"MEMORY_COPY","MEMORY_COPY_HOST_TO_DEVICE",1,"Agent 0","Agent 2",59,53557636620329,53557636626369
"MEMORY_COPY","MEMORY_COPY_HOST_TO_DEVICE",1,"Agent 0","Agent 2",62,53557638138946,53557639503361
"MEMORY_COPY","MEMORY_COPY_HOST_TO_DEVICE",1,"Agent 0","Agent 2",62,53557639559102,53557640956477
"MEMORY_COPY","MEMORY_COPY_HOST_TO_DEVICE",1,"Agent 0","Agent 2",62,53557640965878,53557641972049
"MEMORY_COPY","MEMORY_COPY_HOST_TO_DEVICE",1,"Agent 0","Agent 2",65,53557643468935,53557644966472
"MEMORY_COPY","MEMORY_COPY_HOST_TO_DEVICE",1,"Agent 0","Agent 2",65,53557644976472,53557646297247
"MEMORY_COPY","MEMORY_COPY_HOST_TO_DEVICE",1,"Agent 0","Agent 2",65,53557646303327,53557647378379
"MEMORY_COPY","MEMORY_COPY_HOST_TO_DEVICE",1,"Agent 0","Agent 2",68,53557648885805,53557650119019
"MEMORY_COPY","MEMORY_COPY_HOST_TO_DEVICE",1,"Agent 0","Agent 2",68,53557650319111,53557651542045
"MEMORY_COPY","MEMORY_COPY_HOST_TO_DEVICE",1,"Agent 0","Agent 2",68,53557651548965,53557652538456
"MEMORY_COPY","MEMORY_COPY_HOST_TO_DEVICE",1,"Agent 0","Agent 2",71,53557652582906,53557652588146
"MEMORY_COPY","MEMORY_COPY_HOST_TO_DEVICE",1,"Agent 0","Agent 2",74,53557653818940,53557654883872
"MEMORY_COPY","MEMORY_COPY_HOST_TO_DEVICE",1,"Agent 0","Agent 2",77,53557655176545,53557655380987
"MEMORY_COPY","MEMORY_COPY_HOST_TO_DEVICE",1,"Agent 0","Agent 2",80,53557655643420,53557655846582
"MEMORY_COPY","MEMORY_COPY_HOST_TO_DEVICE",1,"Agent 0","Agent 2",83,53557657048606,53557658074617
"MEMORY_COPY","MEMORY_COPY_HOST_TO_DEVICE",1,"Agent 0","Agent 2",92,53557658224339,53557658229059
"MEMORY_COPY","MEMORY_COPY_HOST_TO_DEVICE",1,"Agent 0","Agent 2",95,53557662258663,53557663603398
"MEMORY_COPY","MEMORY_COPY_HOST_TO_DEVICE",1,"Agent 0","Agent 2",95,53557666392249,53557667669103
"MEMORY_COPY","MEMORY_COPY_HOST_TO_DEVICE",1,"Agent 0","Agent 2",95,53557670531341,53557671752357
"MEMORY_COPY","MEMORY_COPY_HOST_TO_DEVICE",1,"Agent 0","Agent 2",98,53557674726739,53557676451081
"MEMORY_COPY","MEMORY_COPY_HOST_TO_DEVICE",1,"Agent 0","Agent 2",98,53557679161101,53557680782802
"MEMORY_COPY","MEMORY_COPY_HOST_TO_DEVICE",1,"Agent 0","Agent 2",98,53557682885809,53557684119985
"MEMORY_COPY","MEMORY_COPY_HOST_TO_DEVICE",1,"Agent 0","Agent 2",101,53557688411553,53557690851304
"MEMORY_COPY","MEMORY_COPY_HOST_TO_DEVICE",1,"Agent 0","Agent 2",101,53557690865645,53557693692922
"MEMORY_COPY","MEMORY_COPY_HOST_TO_DEVICE",1,"Agent 0","Agent 2",101,53557693702350,53557696098381
"MEMORY_COPY","MEMORY_COPY_HOST_TO_DEVICE",1,"Agent 0","Agent 2",104,53557696302375,53557696308175
"MEMORY_COPY","MEMORY_COPY_HOST_TO_DEVICE",1,"Agent 0","Agent 2",107,53557698439164,53557700493230
"MEMORY_COPY","MEMORY_COPY_HOST_TO_DEVICE",1,"Agent 0","Agent 2",110,53557700940583,53557701478710
"MEMORY_COPY","MEMORY_COPY_HOST_TO_DEVICE",1,"Agent 0","Agent 2",113,53557701874212,53557702395819
"MEMORY_COPY","MEMORY_COPY_HOST_TO_DEVICE",1,"Agent 0","Agent 2",116,53557705126129,53557707095674
"MEMORY_COPY","MEMORY_COPY_HOST_TO_DEVICE",1,"Agent 0","Agent 2",125,53557707415221,53557707420341
"MEMORY_COPY","MEMORY_COPY_HOST_TO_DEVICE",1,"Agent 0","Agent 2",128,53557709923133,53557712725409
"MEMORY_COPY","MEMORY_COPY_HOST_TO_DEVICE",1,"Agent 0","Agent 2",128,53557712737721,53557715551837
"MEMORY_COPY","MEMORY_COPY_HOST_TO_DEVICE",1,"Agent 0","Agent 2",128,53557715562716,53557718133109
"MEMORY_COPY","MEMORY_COPY_HOST_TO_DEVICE",1,"Agent 0","Agent 2",131,53557720366672,53557722632701
"MEMORY_COPY","MEMORY_COPY_HOST_TO_DEVICE",1,"Agent 0","Agent 2",131,53557723564531,53557724996349
"MEMORY_COPY","MEMORY_COPY_HOST_TO_DEVICE",1,"Agent 0","Agent 2",131,53557726762043,53557727905258
"MEMORY_COPY","MEMORY_COPY_HOST_TO_DEVICE",1,"Agent 0","Agent 2",134,53557730165704,53557732788497
"MEMORY_COPY","MEMORY_COPY_HOST_TO_DEVICE",1,"Agent 0","Agent 2",134,53557733181000,53557735760748
"MEMORY_COPY","MEMORY_COPY_HOST_TO_DEVICE",1,"Agent 0","Agent 2",134,53557735857768,53557737965391
"MEMORY_COPY","MEMORY_COPY_HOST_TO_DEVICE",1,"Agent 0","Agent 2",137,53557738054442,53557738060003
"MEMORY_COPY","MEMORY_COPY_HOST_TO_DEVICE",1,"Agent 0","Agent 2",140,53557739827662,53557741374399
"MEMORY_COPY","MEMORY_COPY_HOST_TO_DEVICE",1,"Agent 0","Agent 2",143,53557742197178,53557742780024
"MEMORY_COPY","MEMORY_COPY_HOST_TO_DEVICE",1,"Agent 0","Agent 2",146,53557743233779,53557743874307
"MEMORY_COPY","MEMORY_COPY_HOST_TO_DEVICE",1,"Agent 0","Agent 2",149,53557746236803,53557748753590
"MEMORY_COPY","MEMORY_COPY_HOST_TO_DEVICE",1,"Agent 0","Agent 2",158,53557749042373,53557749047693
"MEMORY_COPY","MEMORY_COPY_HOST_TO_DEVICE",1,"Agent 0","Agent 2",161,53557750873834,53557759570729
"MEMORY_COPY","MEMORY_COPY_HOST_TO_DEVICE",1,"Agent 0","Agent 2",161,53557759592289,53557761727593
"MEMORY_COPY","MEMORY_COPY_HOST_TO_DEVICE",1,"Agent 0","Agent 2",161,53557761734753,53557763630534
"MEMORY_COPY","MEMORY_COPY_HOST_TO_DEVICE",1,"Agent 0","Agent 2",164,53557765931659,53557769700981
"MEMORY_COPY","MEMORY_COPY_HOST_TO_DEVICE",1,"Agent 0","Agent 2",164,53557769720181,53557772075847
"MEMORY_COPY","MEMORY_COPY_HOST_TO_DEVICE",1,"Agent 0","Agent 2",164,53557772082927,53557774147790
"MEMORY_COPY","MEMORY_COPY_HOST_TO_DEVICE",1,"Agent 0","Agent 2",167,53557777078072,53557778399886
"MEMORY_COPY","MEMORY_COPY_HOST_TO_DEVICE",1,"Agent 0","Agent 2",167,53557779724771,53557781008825
"MEMORY_COPY","MEMORY_COPY_HOST_TO_DEVICE",1,"Agent 0","Agent 2",167,53557781511841,53557782509692
"MEMORY_COPY","MEMORY_COPY_HOST_TO_DEVICE",1,"Agent 0","Agent 2",170,53557782577052,53557782582332
"MEMORY_COPY","MEMORY_COPY_HOST_TO_DEVICE",1,"Agent 0","Agent 2",173,53557785122380,53557786143952
"MEMORY_COPY","MEMORY_COPY_HOST_TO_DEVICE",1,"Agent 0","Agent 2",176,53557786518696,53557786722058
"MEMORY_COPY","MEMORY_COPY_HOST_TO_DEVICE",1,"Agent 0","Agent 2",179,53557787199003,53557787403125
"MEMORY_COPY","MEMORY_COPY_HOST_TO_DEVICE",1,"Agent 0","Agent 2",182,53557788754060,53557789754351
"MEMORY_COPY","MEMORY_COPY_HOST_TO_DEVICE",1,"Agent 0","Agent 2",191,53557789931653,53557789936893
"MEMORY_COPY","MEMORY_COPY_HOST_TO_DEVICE",1,"Agent 0","Agent 2",194,53557791658762,53557793024537
"MEMORY_COPY","MEMORY_COPY_HOST_TO_DEVICE",1,"Agent 0","Agent 2",194,53557793630184,53557794960079
"MEMORY_COPY","MEMORY_COPY_HOST_TO_DEVICE",1,"Agent 0","Agent 2",194,53557795231162,53557796299733
"MEMORY_COPY","MEMORY_COPY_HOST_TO_DEVICE",1,"Agent 0","Agent 2",197,53557798398576,53557800923803
"MEMORY_COPY","MEMORY_COPY_HOST_TO_DEVICE",1,"Agent 0","Agent 2",197,53557800945443,53557802335098
"MEMORY_COPY","MEMORY_COPY_HOST_TO_DEVICE",1,"Agent 0","Agent 2",197,53557802341858,53557803427270
"MEMORY_COPY","MEMORY_COPY_HOST_TO_DEVICE",1,"Agent 0","Agent 2",200,53557805963778,53557807368633
"MEMORY_COPY","MEMORY_COPY_HOST_TO_DEVICE",1,"Agent 0","Agent 2",200,53557810983092,53557812499669
"MEMORY_COPY","MEMORY_COPY_HOST_TO_DEVICE",1,"Agent 0","Agent 2",200,53557815668244,53557816777296
"MEMORY_COPY","MEMORY_COPY_HOST_TO_DEVICE",1,"Agent 0","Agent 2",203,53557817057919,53557817064479
"MEMORY_COPY","MEMORY_COPY_HOST_TO_DEVICE",1,"Agent 0","Agent 2",206,53557820890931,53557822118544
"MEMORY_COPY","MEMORY_COPY_HOST_TO_DEVICE",1,"Agent 0","Agent 2",209,53557822822532,53557823072855
"MEMORY_COPY","MEMORY_COPY_HOST_TO_DEVICE",1,"Agent 0","Agent 2",212,53557823428949,53557823635431
"MEMORY_COPY","MEMORY_COPY_HOST_TO_DEVICE",1,"Agent 0","Agent 2",215,53557827939268,53557829765448
"MEMORY_COPY","MEMORY_COPY_HOST_TO_DEVICE",1,"Agent 0","Agent 2",224,53557830070131,53557830075692
"MEMORY_COPY","MEMORY_COPY_HOST_TO_DEVICE",1,"Agent 0","Agent 2",227,53557832130994,53557833725851
"MEMORY_COPY","MEMORY_COPY_HOST_TO_DEVICE",1,"Agent 0","Agent 2",227,53557835015266,53557836844086
"MEMORY_COPY","MEMORY_COPY_HOST_TO_DEVICE",1,"Agent 0","Agent 2",227,53557837872517,53557839335653
"MEMORY_COPY","MEMORY_COPY_HOST_TO_DEVICE",1,"Agent 0","Agent 2",230,53557840788939,53557842245915
"MEMORY_COPY","MEMORY_COPY_HOST_TO_DEVICE",1,"Agent 0","Agent 2",230,53557842310505,53557843776082
"MEMORY_COPY","MEMORY_COPY_HOST_TO_DEVICE",1,"Agent 0","Agent 2",230,53557843850512,53557844993485
"MEMORY_COPY","MEMORY_COPY_HOST_TO_DEVICE",1,"Agent 0","Agent 2",233,53557848290051,53557849792747
"MEMORY_COPY","MEMORY_COPY_HOST_TO_DEVICE",1,"Agent 0","Agent 2",233,53557851281324,53557852653859
"MEMORY_COPY","MEMORY_COPY_HOST_TO_DEVICE",1,"Agent 0","Agent 2",233,53557853594899,53557854765032
"MEMORY_COPY","MEMORY_COPY_HOST_TO_DEVICE",1,"Agent 0","Agent 2",236,53557854844093,53557854853813
"MEMORY_COPY","MEMORY_COPY_HOST_TO_DEVICE",1,"Agent 0","Agent 2",239,53557856777254,53557858687035
"MEMORY_COPY","MEMORY_COPY_HOST_TO_DEVICE",1,"Agent 0","Agent 2",242,53557859197890,53557859467013
"MEMORY_COPY","MEMORY_COPY_HOST_TO_DEVICE",1,"Agent 0","Agent 2",245,53557860156051,53557860632976
"MEMORY_COPY","MEMORY_COPY_HOST_TO_DEVICE",1,"Agent 0","Agent 2",248,53557863546339,53557864752752
"MEMORY_COPY","MEMORY_COPY_HOST_TO_DEVICE",1,"Agent 0","Agent 2",257,53557864980354,53557864986274
"MEMORY_COPY","MEMORY_COPY_HOST_TO_DEVICE",1,"Agent 0","Agent 2",260,53557867994918,53557869507375
"MEMORY_COPY","MEMORY_COPY_HOST_TO_DEVICE",1,"Agent 0","Agent 2",260,53557871033972,53557872595630
"MEMORY_COPY","MEMORY_COPY_HOST_TO_DEVICE",1,"Agent 0","Agent 2",260,53557872619870,53557873646601
"MEMORY_COPY","MEMORY_COPY_HOST_TO_DEVICE",1,"Agent 0","Agent 2",263,53557876895858,53557878238673
"MEMORY_COPY","MEMORY_COPY_HOST_TO_DEVICE",1,"Agent 0","Agent 2",263,53557879795391,53557881047445
"MEMORY_COPY","MEMORY_COPY_HOST_TO_DEVICE",1,"Agent 0","Agent 2",263,53557882235078,53557883468612
"MEMORY_COPY","MEMORY_COPY_HOST_TO_DEVICE",1,"Agent 0","Agent 2",266,53557885903179,53557887126953
"MEMORY_COPY","MEMORY_COPY_HOST_TO_DEVICE",1,"Agent 0","Agent 2",266,53557888278996,53557889503490
"MEMORY_COPY","MEMORY_COPY_HOST_TO_DEVICE",1,"Agent 0","Agent 2",266,53557890933186,53557891958837
"MEMORY_COPY","MEMORY_COPY_HOST_TO_DEVICE",1,"Agent 0","Agent 2",269,53557892167910,53557892174030
"MEMORY_COPY","MEMORY_COPY_HOST_TO_DEVICE",1,"Agent 0","Agent 2",272,53557894600807,53557895668499
"MEMORY_COPY","MEMORY_COPY_HOST_TO_DEVICE",1,"Agent 0","Agent 2",275,53557898805194,53557899015997
"MEMORY_COPY","MEMORY_COPY_HOST_TO_DEVICE",1,"Agent 0","Agent 2",278,53557899997448,53557900428493
"MEMORY_COPY","MEMORY_COPY_HOST_TO_DEVICE",1,"Agent 0","Agent 2",281,53557901899029,53557903026762
"MEMORY_COPY","MEMORY_COPY_HOST_TO_DEVICE",1,"Agent 0","Agent 2",290,53557903214064,53557903219104
"MEMORY_COPY","MEMORY_COPY_HOST_TO_DEVICE",1,"Agent 0","Agent 2",293,53557904628150,53557905896604
"MEMORY_COPY","MEMORY_COPY_HOST_TO_DEVICE",1,"Agent 0","Agent 2",293,53557907853566,53557909129660
"MEMORY_COPY","MEMORY_COPY_HOST_TO_DEVICE",1,"Agent 0","Agent 2",293,53557909830528,53557910891380
"MEMORY_COPY","MEMORY_COPY_HOST_TO_DEVICE",1,"Agent 0","Agent 2",296,53557913105255,53557914805554
"MEMORY_COPY","MEMORY_COPY_HOST_TO_DEVICE",1,"Agent 0","Agent 2",296,53557914814594,53557916047408
"MEMORY_COPY","MEMORY_COPY_HOST_TO_DEVICE",1,"Agent 0","Agent 2",296,53557916057408,53557917108580
"MEMORY_COPY","MEMORY_COPY_HOST_TO_DEVICE",1,"Agent 0","Agent 2",299,53557919333415,53557920638590
"MEMORY_COPY","MEMORY_COPY_HOST_TO_DEVICE",1,"Agent 0","Agent 2",299,53557921001014,53557922322869
"MEMORY_COPY","MEMORY_COPY_HOST_TO_DEVICE",1,"Agent 0","Agent 2",299,53557922392580,53557923506192
"MEMORY_COPY","MEMORY_COPY_HOST_TO_DEVICE",1,"Agent 0","Agent 2",302,53557923642264,53557923648024
"MEMORY_COPY","MEMORY_COPY_HOST_TO_DEVICE",1,"Agent 0","Agent 2",305,53557925000419,53557926096471
"MEMORY_COPY","MEMORY_COPY_HOST_TO_DEVICE",1,"Agent 0","Agent 2",308,53557926401805,53557926654168
"MEMORY_COPY","MEMORY_COPY_HOST_TO_DEVICE",1,"Agent 0","Agent 2",311,53557926916151,53557927179433
"MEMORY_COPY","MEMORY_COPY_HOST_TO_DEVICE",1,"Agent 0","Agent 2",314,53557928314655,53557929378306
"MEMORY_COPY","MEMORY_COPY_HOST_TO_DEVICE",1,"Agent 0","Agent 2",323,53557929571387,53557929576948
"MEMORY_COPY","MEMORY_COPY_HOST_TO_DEVICE",1,"Agent 0","Agent 2",326,53557932884724,53557934164218
"MEMORY_COPY","MEMORY_COPY_HOST_TO_DEVICE",1,"Agent 0","Agent 2",326,53557936968399,53557938229013
"MEMORY_COPY","MEMORY_COPY_HOST_TO_DEVICE",1,"Agent 0","Agent 2",326,53557940002942,53557941038473
"MEMORY_COPY","MEMORY_COPY_HOST_TO_DEVICE",1,"Agent 0","Agent 2",329,53557942782343,53557944339200
"MEMORY_COPY","MEMORY_COPY_HOST_TO_DEVICE",1,"Agent 0","Agent 2",329,53557946118549,53557947664446
"MEMORY_COPY","MEMORY_COPY_HOST_TO_DEVICE",1,"Agent 0","Agent 2",329,53557948743258,53557949846710
"MEMORY_COPY","MEMORY_COPY_HOST_TO_DEVICE",1,"Agent 0","Agent 2",332,53557953857394,53557955322770
"MEMORY_COPY","MEMORY_COPY_HOST_TO_DEVICE",1,"Agent 0","Agent 2",332,53557958613166,53557960626468
"MEMORY_COPY","MEMORY_COPY_HOST_TO_DEVICE",1,"Agent 0","Agent 2",332,53557962158625,53557964340409
"MEMORY_COPY","MEMORY_COPY_HOST_TO_DEVICE",1,"Agent 0","Agent 2",335,53557964430750,53557964438790
"MEMORY_COPY","MEMORY_COPY_HOST_TO_DEVICE",1,"Agent 0","Agent 2",338,53557967931769,53557969484226
"MEMORY_COPY","MEMORY_COPY_HOST_TO_DEVICE",1,"Agent 0","Agent 2",341,53557969776259,53557970013981
"MEMORY_COPY","MEMORY_COPY_HOST_TO_DEVICE",1,"Agent 0","Agent 2",344,53557970819930,53557971122734
"MEMORY_COPY","MEMORY_COPY_HOST_TO_DEVICE",1,"Agent 0","Agent 2",347,53557973844384,53557975161478
"MEMORY_COPY","MEMORY_COPY_HOST_TO_DEVICE",1,"Agent 0","Agent 2",356,53557976900827,53557976906227
"MEMORY_COPY","MEMORY_COPY_HOST_TO_DEVICE",1,"Agent 0","Agent 2",359,53557978280032,53557979671047
"MEMORY_COPY","MEMORY_COPY_HOST_TO_DEVICE",1,"Agent 0","Agent 2",359,53557979679968,53557981054543
"MEMORY_COPY","MEMORY_COPY_HOST_TO_DEVICE",1,"Agent 0","Agent 2",359,53557981060863,53557982176275
"MEMORY_COPY","MEMORY_COPY_HOST_TO_DEVICE",1,"Agent 0","Agent 2",362,53557985123037,53557986362411
"MEMORY_COPY","MEMORY_COPY_HOST_TO_DEVICE",1,"Agent 0","Agent 2",362,53557987050048,53557988361703
"MEMORY_COPY","MEMORY_COPY_HOST_TO_DEVICE",1,"Agent 0","Agent 2",362,53557988456724,53557989487615
"MEMORY_COPY","MEMORY_COPY_HOST_TO_DEVICE",1,"Agent 0","Agent 2",365,53557991066702,53557992303276
"MEMORY_COPY","MEMORY_COPY_HOST_TO_DEVICE",1,"Agent 0","Agent 2",365,53557993445428,53557994670722
"MEMORY_COPY","MEMORY_COPY_HOST_TO_DEVICE",1,"Agent 0","Agent 2",365,53557996971799,53557998150412
"MEMORY_COPY","MEMORY_COPY_HOST_TO_DEVICE",1,"Agent 0","Agent 2",368,53557998437516,53557998444836
"MEMORY_COPY","MEMORY_COPY_HOST_TO_DEVICE",1,"Agent 0","Agent 2",371,53558001303199,53558002649614
"MEMORY_COPY","MEMORY_COPY_HOST_TO_DEVICE",1,"Agent 0","Agent 2",374,53558003388943,53558003703786
"MEMORY_COPY","MEMORY_COPY_HOST_TO_DEVICE",1,"Agent 0","Agent 2",377,53558004780639,53558005040042
"MEMORY_COPY","MEMORY_COPY_HOST_TO_DEVICE",1,"Agent 0","Agent 2",380,53558006422645,53558007792100
"MEMORY_COPY","MEMORY_COPY_HOST_TO_DEVICE",1,"Agent 0","Agent 2",389,53558008088547,53558008095547
"MEMORY_COPY","MEMORY_COPY_HOST_TO_DEVICE",1,"Agent 0","Agent 2",392,53558011447005,53558012879502
"MEMORY_COPY","MEMORY_COPY_HOST_TO_DEVICE",1,"Agent 0","Agent 2",392,53558014894805,53558016225820
"MEMORY_COPY","MEMORY_COPY_HOST_TO_DEVICE",1,"Agent 0","Agent 2",392,53558018740049,53558019858142
"MEMORY_COPY","MEMORY_COPY_HOST_TO_DEVICE",1,"Agent 0","Agent 2",395,53558022250260,53558023635116
"MEMORY_COPY","MEMORY_COPY_HOST_TO_DEVICE",1,"Agent 0","Agent 2",395,53558023646916,53558024866570
"MEMORY_COPY","MEMORY_COPY_HOST_TO_DEVICE",1,"Agent 0","Agent 2",395,53558025761446,53558026971260
"MEMORY_COPY","MEMORY_COPY_HOST_TO_DEVICE",1,"Agent 0","Agent 2",398,53558031944681,53558033251736
"MEMORY_COPY","MEMORY_COPY_HOST_TO_DEVICE",1,"Agent 0","Agent 2",398,53558036351092,53558037691347
"MEMORY_COPY","MEMORY_COPY_HOST_TO_DEVICE",1,"Agent 0","Agent 2",398,53558040604161,53558041697094
"MEMORY_COPY","MEMORY_COPY_HOST_TO_DEVICE",1,"Agent 0","Agent 2",401,53558041993757,53558041999717
"MEMORY_COPY","MEMORY_COPY_HOST_TO_DEVICE",1,"Agent 0","Agent 2",404,53558044832260,53558047008765
"MEMORY_COPY","MEMORY_COPY_HOST_TO_DEVICE",1,"Agent 0","Agent 2",407,53558047563271,53558047800714
"MEMORY_COPY","MEMORY_COPY_HOST_TO_DEVICE",1,"Agent 0","Agent 2",410,53558048322670,53558049055798
"MEMORY_COPY","MEMORY_COPY_HOST_TO_DEVICE",1,"Agent 0","Agent 2",413,53558051687229,53558052894522
"MEMORY_COPY","MEMORY_COPY_HOST_TO_DEVICE",1,"Agent 0","Agent 2",422,53558053067461,53558053072621
"MEMORY_COPY","MEMORY_COPY_HOST_TO_DEVICE",1,"Agent 0","Agent 2",425,53558056157558,53558058672625
"MEMORY_COPY","MEMORY_COPY_HOST_TO_DEVICE",1,"Agent 0","Agent 2",425,53558058717815,53558062276174
"MEMORY_COPY","MEMORY_COPY_HOST_TO_DEVICE",1,"Agent 0","Agent 2",425,53558062308014,53558064183475
"MEMORY_COPY","MEMORY_COPY_HOST_TO_DEVICE",1,"Agent 0","Agent 2",428,53558066943725,53558070544645
"MEMORY_COPY","MEMORY_COPY_HOST_TO_DEVICE",1,"Agent 0","Agent 2",428,53558070560965,53558073930162
"MEMORY_COPY","MEMORY_COPY_HOST_TO_DEVICE",1,"Agent 0","Agent 2",428,53558073940882,53558076877834
"MEMORY_COPY","MEMORY_COPY_HOST_TO_DEVICE",1,"Agent 0","Agent 2",431,53558078563123,53558079800896
"MEMORY_COPY","MEMORY_COPY_HOST_TO_DEVICE",1,"Agent 0","Agent 2",431,53558079953778,53558081241472
"MEMORY_COPY","MEMORY_COPY_HOST_TO_DEVICE",1,"Agent 0","Agent 2",431,53558081530795,53558082549046
"MEMORY_COPY","MEMORY_COPY_HOST_TO_DEVICE",1,"Agent 0","Agent 2",434,53558082609417,53558082614737
"MEMORY_COPY","MEMORY_COPY_HOST_TO_DEVICE",1,"Agent 0","Agent 2",437,53558084075513,53558085146925
"MEMORY_COPY","MEMORY_COPY_HOST_TO_DEVICE",1,"Agent 0","Agent 2",440,53558085453178,53558085661940
"MEMORY_COPY","MEMORY_COPY_HOST_TO_DEVICE",1,"Agent 0","Agent 2",443,53558085948544,53558086167626
"MEMORY_COPY","MEMORY_COPY_HOST_TO_DEVICE",1,"Agent 0","Agent 2",446,53558087401750,53558088502442
"MEMORY_COPY","MEMORY_COPY_HOST_TO_DEVICE",1,"Agent 0","Agent 2",455,53558088736324,53558088742444
"MEMORY_COPY","MEMORY_COPY_HOST_TO_DEVICE",1,"Agent 0","Agent 2",458,53558091653956,53558092948010
"MEMORY_COPY","MEMORY_COPY_HOST_TO_DEVICE",1,"Agent 0","Agent 2",458,53558096519770,53558097953665
"MEMORY_COPY","MEMORY_COPY_HOST_TO_DEVICE",1,"Agent 0","Agent 2",458,53558100403872,53558102099531
"MEMORY_COPY","MEMORY_COPY_HOST_TO_DEVICE",1,"Agent 0","Agent 2",461,53558104762880,53558106384458
"MEMORY_COPY","MEMORY_COPY_HOST_TO_DEVICE",1,"Agent 0","Agent 2",461,53558108186827,53558109479122
"MEMORY_COPY","MEMORY_COPY_HOST_TO_DEVICE",1,"Agent 0","Agent 2",461,53558111320182,53558112345913
"MEMORY_COPY","MEMORY_COPY_HOST_TO_DEVICE",1,"Agent 0","Agent 2",464,53558114981182,53558116706641
"MEMORY_COPY","MEMORY_COPY_HOST_TO_DEVICE",1,"Agent 0","Agent 2",464,53558116720161,53558118040416
"MEMORY_COPY","MEMORY_COPY_HOST_TO_DEVICE",1,"Agent 0","Agent 2",464,53558118125067,53558119173198
"MEMORY_COPY","MEMORY_COPY_HOST_TO_DEVICE",1,"Agent 0","Agent 2",467,53558119254829,53558119260709
"MEMORY_COPY","MEMORY_COPY_HOST_TO_DEVICE",1,"Agent 0","Agent 2",470,53558120585174,53558121689146
"MEMORY_COPY","MEMORY_COPY_HOST_TO_DEVICE",1,"Agent 0","Agent 2",473,53558122121630,53558122336313
"MEMORY_COPY","MEMORY_COPY_HOST_TO_DEVICE",1,"Agent 0","Agent 2",476,53558122753497,53558122981100
"MEMORY_COPY","MEMORY_COPY_HOST_TO_DEVICE",1,"Agent 0","Agent 2",479,53558124403096,53558125569229
"MEMORY_COPY","MEMORY_COPY_HOST_TO_DEVICE",1,"Agent 0","Agent 2",488,53558125745081,53558125750761
"MEMORY_COPY","MEMORY_COPY_HOST_TO_DEVICE",1,"Agent 0","Agent 2",491,53558131188662,53558132947202
"MEMORY_COPY","MEMORY_COPY_HOST_TO_DEVICE",1,"Agent 0","Agent 2",491,53558134192096,53558135591631
"MEMORY_COPY","MEMORY_COPY_HOST_TO_DEVICE",1,"Agent 0","Agent 2",491,53558135600139,53558136618910
"MEMORY_COPY","MEMORY_COPY_HOST_TO_DEVICE",1,"Agent 0","Agent 2",494,53558138221021,53558139473715
"MEMORY_COPY","MEMORY_COPY_HOST_TO_DEVICE",1,"Agent 0","Agent 2",494,53558142001183,53558144014006
"MEMORY_COPY","MEMORY_COPY_HOST_TO_DEVICE",1,"Agent 0","Agent 2",494,53558144251929,53558146057189
"MEMORY_COPY","MEMORY_COPY_HOST_TO_DEVICE",1,"Agent 0","Agent 2",497,53558147648627,53558149121003
"MEMORY_COPY","MEMORY_COPY_HOST_TO_DEVICE",1,"Agent 0","Agent 2",497,53558149299725,53558150644300
"MEMORY_COPY","MEMORY_COPY_HOST_TO_DEVICE",1,"Agent 0","Agent 2",497,53558150693541,53558151813234
"MEMORY_COPY","MEMORY_COPY_HOST_TO_DEVICE",1,"Agent 0","Agent 2",500,53558151889344,53558151901865
"MEMORY_COPY","MEMORY_COPY_HOST_TO_DEVICE",1,"Agent 0","Agent 2",503,53558154366272,53558155593086
"MEMORY_COPY","MEMORY_COPY_HOST_TO_DEVICE",1,"Agent 0","Agent 2",506,53558155950420,53558156251423
"MEMORY_COPY","MEMORY_COPY_HOST_TO_DEVICE",1,"Agent 0","Agent 2",509,53558156874440,53558157110283
"MEMORY_COPY","MEMORY_COPY_HOST_TO_DEVICE",1,"Agent 0","Agent 2",512,53558158282396,53558159746013
"MEMORY_COPY","MEMORY_COPY_HOST_TO_DEVICE",1,"Agent 0","Agent 2",521,53558160037506,53558160048866
"MEMORY_COPY","MEMORY_COPY_HOST_TO_DEVICE",1,"Agent 0","Agent 2",524,53558163816178,53558165537518
"MEMORY_COPY","MEMORY_COPY_HOST_TO_DEVICE",1,"Agent 0","Agent 2",524,53558167186806,53558168772104
"MEMORY_COPY","MEMORY_COPY_HOST_TO_DEVICE",1,"Agent 0","Agent 2",524,53558168781904,53558169885876
"MEMORY_COPY","MEMORY_COPY_HOST_TO_DEVICE",1,"Agent 0","Agent 2",527,53558173653389,53558175636971
"MEMORY_COPY","MEMORY_COPY_HOST_TO_DEVICE",1,"Agent 0","Agent 2",527,53558178711095,53558180425795
"MEMORY_COPY","MEMORY_COPY_HOST_TO_DEVICE",1,"Agent 0","Agent 2",527,53558182143734,53558183478269
"MEMORY_COPY","MEMORY_COPY_HOST_TO_DEVICE",1,"Agent 0","Agent 2",530,53558185310762,53558186675298
"MEMORY_COPY","MEMORY_COPY_HOST_TO_DEVICE",1,"Agent 0","Agent 2",530,53558187931812,53558189166146
"MEMORY_COPY","MEMORY_COPY_HOST_TO_DEVICE",1,"Agent 0","Agent 2",530,53558190873346,53558191973479
"MEMORY_COPY","MEMORY_COPY_HOST_TO_DEVICE",1,"Agent 0","Agent 2",533,53558192063657,53558192070777
"MEMORY_COPY","MEMORY_COPY_HOST_TO_DEVICE",1,"Agent 0","Agent 2",536,53558193783993,53558194986687
"MEMORY_COPY","MEMORY_COPY_HOST_TO_DEVICE",1,"Agent 0","Agent 2",539,53558195956275,53558196172357
"MEMORY_COPY","MEMORY_COPY_HOST_TO_DEVICE",1,"Agent 0","Agent 2",542,53558196539071,53558196765993
"MEMORY_COPY","MEMORY_COPY_HOST_TO_DEVICE",1,"Agent 0","Agent 2",545,53558200165444,53558201209256
"MEMORY_COPY","MEMORY_COPY_HOST_TO_DEVICE",1,"Agent 0","Agent 2",554,53558201381747,53558201387187
"MEMORY_COPY","MEMORY_COPY_HOST_TO_DEVICE",1,"Agent 0","Agent 2",557,53558202956840,53558204246375
"MEMORY_COPY","MEMORY_COPY_HOST_TO_DEVICE",1,"Agent 0","Agent 2",557,53558204403573,53558205802749
"MEMORY_COPY","MEMORY_COPY_HOST_TO_DEVICE",1,"Agent 0","Agent 2",557,53558206164294,53558207401149
"MEMORY_COPY","MEMORY_COPY_HOST_TO_DEVICE",1,"Agent 0","Agent 2",560,53558209195809,53558210602585
"MEMORY_COPY","MEMORY_COPY_HOST_TO_DEVICE",1,"Agent 0","Agent 2",560,53558211109711,53558212510807
"MEMORY_COPY","MEMORY_COPY_HOST_TO_DEVICE",1,"Agent 0","Agent 2",560,53558212659109,53558213765642
"MEMORY_COPY","MEMORY_COPY_HOST_TO_DEVICE",1,"Agent 0","Agent 2",563,53558220096922,53558221806902
"MEMORY_COPY","MEMORY_COPY_HOST_TO_DEVICE",1,"Agent 0","Agent 2",563,53558223644860,53558224968396
"MEMORY_COPY","MEMORY_COPY_HOST_TO_DEVICE",1,"Agent 0","Agent 2",563,53558227030756,53558228472652
"MEMORY_COPY","MEMORY_COPY_HOST_TO_DEVICE",1,"Agent 0","Agent 2",566,53558228558643,53558228564003
"MEMORY_COPY","MEMORY_COPY_HOST_TO_DEVICE",1,"Agent 0","Agent 2",569,53558230486694,53558232160433
"MEMORY_COPY","MEMORY_COPY_HOST_TO_DEVICE",1,"Agent 0","Agent 2",572,53558232704887,53558233135372
"MEMORY_COPY","MEMORY_COPY_HOST_TO_DEVICE",1,"Agent 0","Agent 2",575,53558233419981,53558233684944
"MEMORY_COPY","MEMORY_COPY_HOST_TO_DEVICE",1,"Agent 0","Agent 2",578,53558237282645,53558238985704
"MEMORY_COPY","MEMORY_COPY_HOST_TO_DEVICE",1,"Agent 0","Agent 2",587,53558239356289,53558239362649
"MEMORY_COPY","MEMORY_COPY_HOST_TO_DEVICE",1,"Agent 0","Agent 2",590,53558242428534,53558244626400
"MEMORY_COPY","MEMORY_COPY_HOST_TO_DEVICE",1,"Agent 0","Agent 2",590,53558247307686,53558248989465
"MEMORY_COPY","MEMORY_COPY_HOST_TO_DEVICE",1,"Agent 0","Agent 2",590,53558250356088,53558251987626
"MEMORY_COPY","MEMORY_COPY_HOST_TO_DEVICE",1,"Agent 0","Agent 2",593,53558253502692,53558254766386
"MEMORY_COPY","MEMORY_COPY_HOST_TO_DEVICE",1,"Agent 0","Agent 2",593,53558257158622,53558258592278
"MEMORY_COPY","MEMORY_COPY_HOST_TO_DEVICE",1,"Agent 0","Agent 2",593,53558260184536,53558261931115
"MEMORY_COPY","MEMORY_COPY_HOST_TO_DEVICE",1,"Agent 0","Agent 2",596,53558265272942,53558267158042
"MEMORY_COPY","MEMORY_COPY_HOST_TO_DEVICE",1,"Agent 0","Agent 2",596,53558268229694,53558269962993
"MEMORY_COPY","MEMORY_COPY_HOST_TO_DEVICE",1,"Agent 0","Agent 2",596,53558270265707,53558272683573
"MEMORY_COPY","MEMORY_COPY_HOST_TO_DEVICE",1,"Agent 0","Agent 2",599,53558272774254,53558272781854
"MEMORY_COPY","MEMORY_COPY_HOST_TO_DEVICE",1,"Agent 0","Agent 2",602,53558277621038,53558280616991
"MEMORY_COPY","MEMORY_COPY_HOST_TO_DEVICE",1,"Agent 0","Agent 2",605,53558281494760,53558282038246
"MEMORY_COPY","MEMORY_COPY_HOST_TO_DEVICE",1,"Agent 0","Agent 2",608,53558282935306,53558283378551
"MEMORY_COPY","MEMORY_COPY_HOST_TO_DEVICE",1,"Agent 0","Agent 2",611,53558286119621,53558288138043
"MEMORY_COPY","MEMORY_COPY_HOST_TO_DEVICE",1,"Agent 0","Agent 2",620,53558288614939,53558288620659
"MEMORY_COPY","MEMORY_COPY_HOST_TO_DEVICE",1,"Agent 0","Agent 2",623,53558290354658,53558291727913
"MEMORY_COPY","MEMORY_COPY_HOST_TO_DEVICE",1,"Agent 0","Agent 2",623,53558294427513,53558295779128
"MEMORY_COPY","MEMORY_COPY_HOST_TO_DEVICE",1,"Agent 0","Agent 2",623,53558297417366,53558298511538
"MEMORY_COPY","MEMORY_COPY_HOST_TO_DEVICE",1,"Agent 0","Agent 2",626,53558301361209,53558303134549
"MEMORY_COPY","MEMORY_COPY_HOST_TO_DEVICE",1,"Agent 0","Agent 2",626,53558304218950,53558305725007
"MEMORY_COPY","MEMORY_COPY_HOST_TO_DEVICE",1,"Agent 0","Agent 2",626,53558306088711,53558307307884
"MEMORY_COPY","MEMORY_COPY_HOST_TO_DEVICE",1,"Agent 0","Agent 2",629,53558311197657,53558313826086
"MEMORY_COPY","MEMORY_COPY_HOST_TO_DEVICE",1,"Agent 0","Agent 2",629,53558315004155,53558316821935
"MEMORY_COPY","MEMORY_COPY_HOST_TO_DEVICE",1,"Agent 0","Agent 2",629,53558318340331,53558320782199
"MEMORY_COPY","MEMORY_COPY_HOST_TO_DEVICE",1,"Agent 0","Agent 2",632,53558321198104,53558321203984
"MEMORY_COPY","MEMORY_COPY_HOST_TO_DEVICE",1,"Agent 0","Agent 2",635,53558323587661,53558326896578
"MEMORY_COPY","MEMORY_COPY_HOST_TO_DEVICE",1,"Agent 0","Agent 2",638,53558327427944,53558328081351
"MEMORY_COPY","MEMORY_COPY_HOST_TO_DEVICE",1,"Agent 0","Agent 2",641,53558328479946,53558329346196
"MEMORY_COPY","MEMORY_COPY_HOST_TO_DEVICE",1,"Agent 0","Agent 2",644,53558331370599,53558333688185
"MEMORY_COPY","MEMORY_COPY_HOST_TO_DEVICE",1,"Agent 0","Agent 2",653,53558333852577,53558333858137
"MEMORY_COPY","MEMORY_COPY_HOST_TO_DEVICE",1,"Agent 0","Agent 2",656,53558335545926,53558338737362
"MEMORY_COPY","MEMORY_COPY_HOST_TO_DEVICE",1,"Agent 0","Agent 2",656,53558338784476,53558341606948
"MEMORY_COPY","MEMORY_COPY_HOST_TO_DEVICE",1,"Agent 0","Agent 2",656,53558341615218,53558343836964
"MEMORY_COPY","MEMORY_COPY_HOST_TO_DEVICE",1,"Agent 0","Agent 2",659,53558345461418,53558348464252
"MEMORY_COPY","MEMORY_COPY_HOST_TO_DEVICE",1,"Agent 0","Agent 2",659,53558348476055,53558350285635
"MEMORY_COPY","MEMORY_COPY_HOST_TO_DEVICE",1,"Agent 0","Agent 2",659,53558350293592,53558353068024
"MEMORY_COPY","MEMORY_COPY_HOST_TO_DEVICE",1,"Agent 0","Agent 2",662,53558355835195,53558358657827
"MEMORY_COPY","MEMORY_COPY_HOST_TO_DEVICE",1,"Agent 0","Agent 2",662,53558358666747,53558361985945
"MEMORY_COPY","MEMORY_COPY_HOST_TO_DEVICE",1,"Agent 0","Agent 2",662,53558361996385,53558363683004
"MEMORY_COPY","MEMORY_COPY_HOST_TO_DEVICE",1,"Agent 0","Agent 2",665,53558363801395,53558363808395
"MEMORY_COPY","MEMORY_COPY_HOST_TO_DEVICE",1,"Agent 0","Agent 2",668,53558365238511,53558366454205
"MEMORY_COPY","MEMORY_COPY_HOST_TO_DEVICE",1,"Agent 0","Agent 2",671,53558366800549,53558367130873
"MEMORY_COPY","MEMORY_COPY_HOST_TO_DEVICE",1,"Agent 0","Agent 2",674,53558367477657,53558367728819
"MEMORY_COPY","MEMORY_COPY_HOST_TO_DEVICE",1,"Agent 0","Agent 2",677,53558369101815,53558370340309
"MEMORY_COPY","MEMORY_COPY_HOST_TO_DEVICE",1,"Agent 0","Agent 2",686,53558370535871,53558370545311
"MEMORY_COPY","MEMORY_COPY_HOST_TO_DEVICE",1,"Agent 0","Agent 2",689,53558373733957,53558377122676
"MEMORY_COPY","MEMORY_COPY_HOST_TO_DEVICE",1,"Agent 0","Agent 2",689,53558377133371,53558381475339
"MEMORY_COPY","MEMORY_COPY_HOST_TO_DEVICE",1,"Agent 0","Agent 2",689,53558381496979,53558383273438
"MEMORY_COPY","MEMORY_COPY_HOST_TO_DEVICE",1,"Agent 0","Agent 2",692,53558384834536,53558386266991
"MEMORY_COPY","MEMORY_COPY_HOST_TO_DEVICE",1,"Agent 0","Agent 2",692,53558386276432,53558387749528
"MEMORY_COPY","MEMORY_COPY_HOST_TO_DEVICE",1,"Agent 0","Agent 2",692,53558387914690,53558389393546
"MEMORY_COPY","MEMORY_COPY_HOST_TO_DEVICE",1,"Agent 0","Agent 2",695,53558391705772,53558395606935
"MEMORY_COPY","MEMORY_COPY_HOST_TO_DEVICE",1,"Agent 0","Agent 2",695,53558395729456,53558401108436
"MEMORY_COPY","MEMORY_COPY_HOST_TO_DEVICE",1,"Agent 0","Agent 2",695,53558401191597,53558402581812
"MEMORY_COPY","MEMORY_COPY_HOST_TO_DEVICE",1,"Agent 0","Agent 2",698,53558402814815,53558402821535
"MEMORY_COPY","MEMORY_COPY_HOST_TO_DEVICE",1,"Agent 0","Agent 2",701,53558405038919,53558406493096
"MEMORY_COPY","MEMORY_COPY_HOST_TO_DEVICE",1,"Agent 0","Agent 2",704,53558406823729,53558407067452
"MEMORY_COPY","MEMORY_COPY_HOST_TO_DEVICE",1,"Agent 0","Agent 2",707,53558407739929,53558408501498
"MEMORY_COPY","MEMORY_COPY_HOST_TO_DEVICE",1,"Agent 0","Agent 2",710,53558409795372,53558410919905
"MEMORY_COPY","MEMORY_COPY_HOST_TO_DEVICE",1,"Agent 0","Agent 2",719,53558411129167,53558411134487
"MEMORY_COPY","MEMORY_COPY_HOST_TO_DEVICE",1,"Agent 0","Agent 2",722,53558412688624,53558417191714
"MEMORY_COPY","MEMORY_COPY_HOST_TO_DEVICE",1,"Agent 0","Agent 2",722,53558417202874,53558421587403
"MEMORY_COPY","MEMORY_COPY_HOST_TO_DEVICE",1,"Agent 0","Agent 2",722,53558421592609,53558424158597
"MEMORY_COPY","MEMORY_COPY_HOST_TO_DEVICE",1,"Agent 0","Agent 2",725,53558426608858,53558428968765
"MEMORY_COPY","MEMORY_COPY_HOST_TO_DEVICE",1,"Agent 0","Agent 2",725,53558428979085,53558431137909
"MEMORY_COPY","MEMORY_COPY_HOST_TO_DEVICE",1,"Agent 0","Agent 2",725,53558431146189,53558432691526
"MEMORY_COPY","MEMORY_COPY_HOST_TO_DEVICE",1,"Agent 0","Agent 2",728,53558434717978,53558436331156
"MEMORY_COPY","MEMORY_COPY_HOST_TO_DEVICE",1,"Agent 0","Agent 2",728,53558439770604,53558441585784
"MEMORY_COPY","MEMORY_COPY_HOST_TO_DEVICE",1,"Agent 0","Agent 2",728,53558443615083,53558445811707
"MEMORY_COPY","MEMORY_COPY_HOST_TO_DEVICE",1,"Agent 0","Agent 2",731,53558446005259,53558446014179
"MEMORY_COPY","MEMORY_COPY_HOST_TO_DEVICE",1,"Agent 0","Agent 2",734,53558448532436,53558451452269
"MEMORY_COPY","MEMORY_COPY_HOST_TO_DEVICE",1,"Agent 0","Agent 2",737,53558451950224,53558452510270
"MEMORY_COPY","MEMORY_COPY_HOST_TO_DEVICE",1,"Agent 0","Agent 2",740,53558452987186,53558453485031
"MEMORY_COPY","MEMORY_COPY_HOST_TO_DEVICE",1,"Agent 0","Agent 2",743,53558455585884,53558457474385
"MEMORY_COPY","MEMORY_COPY_HOST_TO_DEVICE",1,"Agent 0","Agent 2",752,53558457657447,53558457663527
"MEMORY_COPY","MEMORY_COPY_HOST_TO_DEVICE",1,"Agent 0","Agent 2",755,53558459378666,53558464086238
"MEMORY_COPY","MEMORY_COPY_HOST_TO_DEVICE",1,"Agent 0","Agent 2",755,53558464099758,53558467661718
"MEMORY_COPY","MEMORY_COPY_HOST_TO_DEVICE",1,"Agent 0","Agent 2",755,53558467675238,53558470512909
"MEMORY_COPY","MEMORY_COPY_HOST_TO_DEVICE",1,"Agent 0","Agent 2",758,53558472297119,53558477341615
"MEMORY_COPY","MEMORY_COPY_HOST_TO_DEVICE",1,"Agent 0","Agent 2",758,53558477360895,53558482319270
"MEMORY_COPY","MEMORY_COPY_HOST_TO_DEVICE",1,"Agent 0","Agent 2",758,53558482332190,53558485567546
"MEMORY_COPY","MEMORY_COPY_HOST_TO_DEVICE",1,"Agent 0","Agent 2",761,53558487301145,53558491746674
"MEMORY_COPY","MEMORY_COPY_HOST_TO_DEVICE",1,"Agent 0","Agent 2",761,53558491764834,53558496152643
"MEMORY_COPY","MEMORY_COPY_HOST_TO_DEVICE",1,"Agent 0","Agent 2",761,53558496159403,53558499461799
"MEMORY_COPY","MEMORY_COPY_HOST_TO_DEVICE",1,"Agent 0","Agent 2",764,53558499563440,53558499568880
"MEMORY_COPY","MEMORY_COPY_HOST_TO_DEVICE",1,"Agent 0","Agent 2",767,53558501597723,53558503492304
"MEMORY_COPY","MEMORY_COPY_HOST_TO_DEVICE",1,"Agent 0","Agent 2",770,53558503740926,53558504201331
"MEMORY_COPY","MEMORY_COPY_HOST_TO_DEVICE",1,"Agent 0","Agent 2",773,53558504576176,53558504838499
"MEMORY_COPY","MEMORY_COPY_HOST_TO_DEVICE",1,"Agent 0","Agent 2",776,53558506245235,53558509302588
"MEMORY_COPY","MEMORY_COPY_HOST_TO_DEVICE",1,"Agent 0","Agent 2",785,53558509482979,53558509487779
"MEMORY_COPY","MEMORY_COPY_HOST_TO_DEVICE",1,"Agent 0","Agent 2",788,53558512222939,53558516934951
"MEMORY_COPY","MEMORY_COPY_HOST_TO_DEVICE",1,"Agent 0","Agent 2",788,53558516944591,53558521083157
"MEMORY_COPY","MEMORY_COPY_HOST_TO_DEVICE",1,"Agent 0","Agent 2",788,53558521090597,53558526860220
"MEMORY_COPY","MEMORY_COPY_HOST_TO_DEVICE",1,"Agent 0","Agent 2",791,53558528680710,53558530712772
"MEMORY_COPY","MEMORY_COPY_HOST_TO_DEVICE",1,"Agent 0","Agent 2",791,53558530721292,53558532892316
"MEMORY_COPY","MEMORY_COPY_HOST_TO_DEVICE",1,"Agent 0","Agent 2",791,53558532897636,53558535304183
"MEMORY_COPY","MEMORY_COPY_HOST_TO_DEVICE",1,"Agent 0","Agent 2",794,53558536808969,53558541431820
"MEMORY_COPY","MEMORY_COPY_HOST_TO_DEVICE",1,"Agent 0","Agent 2",794,53558541445540,53558546315034
"MEMORY_COPY","MEMORY_COPY_HOST_TO_DEVICE",1,"Agent 0","Agent 2",794,53558546321874,53558549950994
"MEMORY_COPY","MEMORY_COPY_HOST_TO_DEVICE",1,"Agent 0","Agent 2",797,53558550019944,53558550025344
"MEMORY_COPY","MEMORY_COPY_HOST_TO_DEVICE",1,"Agent 0","Agent 2",800,53558551368489,53558553186229
"MEMORY_COPY","MEMORY_COPY_HOST_TO_DEVICE",1,"Agent 0","Agent 2",803,53558553561483,53558554361332
"MEMORY_COPY","MEMORY_COPY_HOST_TO_DEVICE",1,"Agent 0","Agent 2",806,53558554714486,53558555185931
"MEMORY_COPY","MEMORY_COPY_HOST_TO_DEVICE",1,"Agent 0","Agent 2",809,53558557127382,53558560254937
"MEMORY_COPY","MEMORY_COPY_HOST_TO_DEVICE",1,"Agent 0","Agent 2",818,53558560463659,53558560468379
"MEMORY_COPY","MEMORY_COPY_HOST_TO_DEVICE",1,"Agent 0","Agent 2",821,53558563697684,53558567677728
"MEMORY_COPY","MEMORY_COPY_HOST_TO_DEVICE",1,"Agent 0","Agent 2",821,53558567686357,53558573147737
"MEMORY_COPY","MEMORY_COPY_HOST_TO_DEVICE",1,"Agent 0","Agent 2",821,53558573171897,53558576433293
"MEMORY_COPY","MEMORY_COPY_HOST_TO_DEVICE",1,"Agent 0","Agent 2",824,53558579069542,53558580458357
"MEMORY_COPY","MEMORY_COPY_HOST_TO_DEVICE",1,"Agent 0","Agent 2",824,53558582441609,53558583951706
"MEMORY_COPY","MEMORY_COPY_HOST_TO_DEVICE",1,"Agent 0","Agent 2",824,53558584905976,53558586544074
"MEMORY_COPY","MEMORY_COPY_HOST_TO_DEVICE",1,"Agent 0","Agent 2",827,53558589507507,53558593531792
"MEMORY_COPY","MEMORY_COPY_HOST_TO_DEVICE",1,"Agent 0","Agent 2",827,53558593544472,53558596106500
"MEMORY_COPY","MEMORY_COPY_HOST_TO_DEVICE",1,"Agent 0","Agent 2",827,53558596134380,53558598132123
"MEMORY_COPY","MEMORY_COPY_HOST_TO_DEVICE",1,"Agent 0","Agent 2",830,53558598195823,53558598202583
"MEMORY_COPY","MEMORY_COPY_HOST_TO_DEVICE",1,"Agent 0","Agent 2",833,53558599406937,53558603191738
"MEMORY_COPY","MEMORY_COPY_HOST_TO_DEVICE",1,"Agent 0","Agent 2",836,53558603647943,53558604755396
"MEMORY_COPY","MEMORY_COPY_HOST_TO_DEVICE",1,"Agent 0","Agent 2",839,53558605193631,53558606542445
"MEMORY_COPY","MEMORY_COPY_HOST_TO_DEVICE",1,"Agent 0","Agent 2",842,53558608275475,53558612220838
"MEMORY_COPY","MEMORY_COPY_HOST_TO_DEVICE",1,"Agent 0","Agent 2",851,53558612453651,53558612460491
"MEMORY_COPY","MEMORY_COPY_HOST_TO_DEVICE",1,"Agent 0","Agent 2",854,53558614528684,53558617014231
"MEMORY_COPY","MEMORY_COPY_HOST_TO_DEVICE",1,"Agent 0","Agent 2",854,53558617497527,53558620572321
"MEMORY_COPY","MEMORY_COPY_HOST_TO_DEVICE",1,"Agent 0","Agent 2",854,53558620922224,53558623166329
"MEMORY_COPY","MEMORY_COPY_HOST_TO_DEVICE",1,"Agent 0","Agent 2",857,53558625403424,53558629735672
"MEMORY_COPY","MEMORY_COPY_HOST_TO_DEVICE",1,"Agent 0","Agent 2",857,53558629745992,53558634120440
"MEMORY_COPY","MEMORY_COPY_HOST_TO_DEVICE",1,"Agent 0","Agent 2",857,53558634131629,53558636448654
"MEMORY_COPY","MEMORY_COPY_HOST_TO_DEVICE",1,"Agent 0","Agent 2",860,53558639149543,53558641590850
"MEMORY_COPY","MEMORY_COPY_HOST_TO_DEVICE",1,"Agent 0","Agent 2",860,53558641600690,53558646088459
"MEMORY_COPY","MEMORY_COPY_HOST_TO_DEVICE",1,"Agent 0","Agent 2",860,53558646112060,53558651505519
"MEMORY_COPY","MEMORY_COPY_HOST_TO_DEVICE",1,"Agent 0","Agent 2",863,53558651765772,53558651778812
"MEMORY_COPY","MEMORY_COPY_HOST_TO_DEVICE",1,"Agent 0","Agent 2",866,53558655787266,53558658853220
"MEMORY_COPY","MEMORY_COPY_HOST_TO_DEVICE",1,"Agent 0","Agent 2",869,53558659583988,53558660219475
"MEMORY_COPY","MEMORY_COPY_HOST_TO_DEVICE",1,"Agent 0","Agent 2",872,53558660889152,53558661510719
"MEMORY_COPY","MEMORY_COPY_HOST_TO_DEVICE",1,"Agent 0","Agent 2",875,53558664914567,53558668066081
"MEMORY_COPY","MEMORY_COPY_HOST_TO_DEVICE",1,"Agent 0","Agent 2",884,53558668480196,53558668486996
"MEMORY_COPY","MEMORY_COPY_HOST_TO_DEVICE",1,"Agent 0","Agent 2",887,53558670673250,53558674100008
"MEMORY_COPY","MEMORY_COPY_HOST_TO_DEVICE",1,"Agent 0","Agent 2",887,53558674112048,53558676884358
"MEMORY_COPY","MEMORY_COPY_HOST_TO_DEVICE",1,"Agent 0","Agent 2",887,53558676894438,53558679101783
"MEMORY_COPY","MEMORY_COPY_HOST_TO_DEVICE",1,"Agent 0","Agent 2",890,53558682256027,53558685168579
"MEMORY_COPY","MEMORY_COPY_HOST_TO_DEVICE",1,"Agent 0","Agent 2",890,53558686613075,53558689701549
"MEMORY_COPY","MEMORY_COPY_HOST_TO_DEVICE",1,"Agent 0","Agent 2",890,53558689724150,53558693373030
"MEMORY_COPY","MEMORY_COPY_HOST_TO_DEVICE",1,"Agent 0","Agent 2",893,53558696046837,53558701512977
"MEMORY_COPY","MEMORY_COPY_HOST_TO_DEVICE",1,"Agent 0","Agent 2",893,53558701541137,53558705788783
"MEMORY_COPY","MEMORY_COPY_HOST_TO_DEVICE",1,"Agent 0","Agent 2",893,53558705798343,53558708493293
"MEMORY_COPY","MEMORY_COPY_HOST_TO_DEVICE",1,"Agent 0","Agent 2",896,53558708582884,53558708590804
"MEMORY_COPY","MEMORY_COPY_HOST_TO_DEVICE",1,"Agent 0","Agent 2",899,53558709937689,53558713230925
"MEMORY_COPY","MEMORY_COPY_HOST_TO_DEVICE",1,"Agent 0","Agent 2",902,53558713497948,53558713996234
"MEMORY_COPY","MEMORY_COPY_HOST_TO_DEVICE",1,"Agent 0","Agent 2",905,53558714345847,53558714849013
"MEMORY_COPY","MEMORY_COPY_HOST_TO_DEVICE",1,"Agent 0","Agent 2",908,53558716015976,53558719951099
"MEMORY_COPY","MEMORY_COPY_HOST_TO_DEVICE",1,"Agent 0","Agent 2",917,53558720167181,53558720173581
"MEMORY_COPY","MEMORY_COPY_HOST_TO_DEVICE",1,"Agent 0","Agent 2",920,53558723234945,53558729624415
"MEMORY_COPY","MEMORY_COPY_HOST_TO_DEVICE",1,"Agent 0","Agent 2",920,53558729723856,53558734502189
"MEMORY_COPY","MEMORY_COPY_HOST_TO_DEVICE",1,"Agent 0","Agent 2",920,53558734566710,53558739302562
"MEMORY_COPY","MEMORY_COPY_HOST_TO_DEVICE",1,"Agent 0","Agent 2",923,53558741356334,53558746443470
"MEMORY_COPY","MEMORY_COPY_HOST_TO_DEVICE",1,"Agent 0","Agent 2",923,53558746455070,53558750157751
"MEMORY_COPY","MEMORY_COPY_HOST_TO_DEVICE",1,"Agent 0","Agent 2",923,53558750192791,53558753240145
"MEMORY_COPY","MEMORY_COPY_HOST_TO_DEVICE",1,"Agent 0","Agent 2",926,53558755301607,53558759555814
"MEMORY_COPY","MEMORY_COPY_HOST_TO_DEVICE",1,"Agent 0","Agent 2",926,53558759563374,53558762914291
"MEMORY_COPY","MEMORY_COPY_HOST_TO_DEVICE",1,"Agent 0","Agent 2",926,53558762920850,53558765452557
"MEMORY_COPY","MEMORY_COPY_HOST_TO_DEVICE",1,"Agent 0","Agent 2",929,53558765503747,53558765510947
"MEMORY_COPY","MEMORY_COPY_HOST_TO_DEVICE",1,"Agent 0","Agent 2",932,53558766912772,53558769323559
"MEMORY_COPY","MEMORY_COPY_HOST_TO_DEVICE",1,"Agent 0","Agent 2",935,53558769848894,53558770358300
"MEMORY_COPY","MEMORY_COPY_HOST_TO_DEVICE",1,"Agent 0","Agent 2",938,53558770724334,53558771271740
"MEMORY_COPY","MEMORY_COPY_HOST_TO_DEVICE",1,"Agent 0","Agent 2",941,53558773273232,53558776698549
"MEMORY_COPY","MEMORY_COPY_HOST_TO_DEVICE",1,"Agent 0","Agent 2",950,53558776950942,53558776957742
"MEMORY_COPY","MEMORY_COPY_HOST_TO_DEVICE",1,"Agent 0","Agent 2",953,53558779241037,53558783806966
"MEMORY_COPY","MEMORY_COPY_HOST_TO_DEVICE",1,"Agent 0","Agent 2",953,53558783820807,53558788083493
"MEMORY_COPY","MEMORY_COPY_HOST_TO_DEVICE",1,"Agent 0","Agent 2",953,53558788095613,53558789266106
"MEMORY_COPY","MEMORY_COPY_HOST_TO_DEVICE",1,"Agent 0","Agent 2",956,53558791508060,53558794622134
"MEMORY_COPY","MEMORY_COPY_HOST_TO_DEVICE",1,"Agent 0","Agent 2",956,53558794634015,53558797801369
"MEMORY_COPY","MEMORY_COPY_HOST_TO_DEVICE",1,"Agent 0","Agent 2",956,53558797811009,53558800540719
"MEMORY_COPY","MEMORY_COPY_HOST_TO_DEVICE",1,"Agent 0","Agent 2",959,53558802165767,53558803478901
"MEMORY_COPY","MEMORY_COPY_HOST_TO_DEVICE",1,"Agent 0","Agent 2",959,53558803734414,53558805041308
"MEMORY_COPY","MEMORY_COPY_HOST_TO_DEVICE",1,"Agent 0","Agent 2",959,53558805206710,53558806343042
"MEMORY_COPY","MEMORY_COPY_HOST_TO_DEVICE",1,"Agent 0","Agent 2",962,53558806393713,53558806402313
"MEMORY_COPY","MEMORY_COPY_HOST_TO_DEVICE",1,"Agent 0","Agent 2",965,53558807933300,53558809164313
"MEMORY_COPY","MEMORY_COPY_HOST_TO_DEVICE",1,"Agent 0","Agent 2",968,53558809520137,53558809804700
"MEMORY_COPY","MEMORY_COPY_HOST_TO_DEVICE",1,"Agent 0","Agent 2",971,53558810591569,53558810817811
"MEMORY_COPY","MEMORY_COPY_HOST_TO_DEVICE",1,"Agent 0","Agent 2",974,53558812409468,53558813546481
"MEMORY_COPY","MEMORY_COPY_HOST_TO_DEVICE",1,"Agent 0","Agent 2",983,53558813779033,53558813787153
"MEMORY_COPY","MEMORY_COPY_HOST_TO_DEVICE",1,"Agent 0","Agent 2",986,53558817484524,53558820425516
"MEMORY_COPY","MEMORY_COPY_HOST_TO_DEVICE",1,"Agent 0","Agent 2",986,53558820446476,53558823541430
"MEMORY_COPY","MEMORY_COPY_HOST_TO_DEVICE",1,"Agent 0","Agent 2",986,53558823551150,53558825295969
"MEMORY_COPY","MEMORY_COPY_HOST_TO_DEVICE",1,"Agent 0","Agent 2",989,53558829638847,53558831147703
"MEMORY_COPY","MEMORY_COPY_HOST_TO_DEVICE",1,"Agent 0","Agent 2",989,53558833035903,53558834898563
"MEMORY_COPY","MEMORY_COPY_HOST_TO_DEVICE",1,"Agent 0","Agent 2",989,53558835576081,53558837132178
"MEMORY_COPY","MEMORY_COPY_HOST_TO_DEVICE",1,"Agent 0","Agent 2",992,53558838974008,53558841366154
"MEMORY_COPY","MEMORY_COPY_HOST_TO_DEVICE",1,"Agent 0","Agent 2",992,53558841373794,53558845791242
"MEMORY_COPY","MEMORY_COPY_HOST_TO_DEVICE",1,"Agent 0","Agent 2",992,53558845796722,53558848515672
"MEMORY_COPY","MEMORY_COPY_HOST_TO_DEVICE",1,"Agent 0","Agent 2",995,53558848564253,53558848569893
"MEMORY_COPY","MEMORY_COPY_HOST_TO_DEVICE",1,"Agent 0","Agent 2",998,53558849756186,53558852273293
"MEMORY_COPY","MEMORY_COPY_HOST_TO_DEVICE",1,"Agent 0","Agent 2",1001,53558852591087,53558853142253
"MEMORY_COPY","MEMORY_COPY_HOST_TO_DEVICE",1,"Agent 0","Agent 2",1004,53558853963522,53558854359926
"MEMORY_COPY","MEMORY_COPY_HOST_TO_DEVICE",1,"Agent 0","Agent 2",1007,53558855553589,53558858287619
"MEMORY_COPY","MEMORY_COPY_HOST_TO_DEVICE",1,"Agent 0","Agent 2",1016,53558858570382,53558858577502
"MEMORY_COPY","MEMORY_COPY_HOST_TO_DEVICE",1,"Agent 0","Agent 2",1019,53558861074149,53558865022473
"MEMORY_COPY","MEMORY_COPY_HOST_TO_DEVICE",1,"Agent 0","Agent 2",1019,53558865037473,53558868817314
"MEMORY_COPY","MEMORY_COPY_HOST_TO_DEVICE",1,"Agent 0","Agent 2",1019,53558868831114,53558871190380
"MEMORY_COPY","MEMORY_COPY_HOST_TO_DEVICE",1,"Agent 0","Agent 2",1022,53558875588598,53558877635460
"MEMORY_COPY","MEMORY_COPY_HOST_TO_DEVICE",1,"Agent 0","Agent 2",1022,53558878579321,53558880741144
"MEMORY_COPY","MEMORY_COPY_HOST_TO_DEVICE",1,"Agent 0","Agent 2",1022,53558881174049,53558882253701
"MEMORY_COPY","MEMORY_COPY_HOST_TO_DEVICE",1,"Agent 0","Agent 2",1025,53558884443655,53558887225285
"MEMORY_COPY","MEMORY_COPY_HOST_TO_DEVICE",1,"Agent 0","Agent 2",1025,53558887232765,53558889938275
"MEMORY_COPY","MEMORY_COPY_HOST_TO_DEVICE",1,"Agent 0","Agent 2",1025,53558889944995,53558891445931
"MEMORY_COPY","MEMORY_COPY_HOST_TO_DEVICE",1,"Agent 0","Agent 2",1028,53558891484702,53558891491862
"MEMORY_COPY","MEMORY_COPY_HOST_TO_DEVICE",1,"Agent 0","Agent 2",1031,53558893606094,53558894723866
"MEMORY_COPY","MEMORY_COPY_HOST_TO_DEVICE",1,"Agent 0","Agent 2",1034,53558895038139,53558895241661
"MEMORY_COPY","MEMORY_COPY_HOST_TO_DEVICE",1,"Agent 0","Agent 2",1037,53558895982089,53558896199892
"MEMORY_COPY","MEMORY_COPY_HOST_TO_DEVICE",1,"Agent 0","Agent 2",1040,53558897394115,53558898437486
"MEMORY_COPY","MEMORY_COPY_HOST_TO_DEVICE",1,"Agent 0","Agent 2",1049,53558898698089,53558898703769
"MEMORY_COPY","MEMORY_COPY_HOST_TO_DEVICE",1,"Agent 0","Agent 2",1052,53558904467592,53558905930928
"MEMORY_COPY","MEMORY_COPY_HOST_TO_DEVICE",1,"Agent 0","Agent 2",1052,53558906112680,53558910052363
"MEMORY_COPY","MEMORY_COPY_HOST_TO_DEVICE",1,"Agent 0","Agent 2",1052,53558910060203,53558914857335
"MEMORY_COPY","MEMORY_COPY_HOST_TO_DEVICE",1,"Agent 0","Agent 2",1055,53558918657737,53558920497437
"MEMORY_COPY","MEMORY_COPY_HOST_TO_DEVICE",1,"Agent 0","Agent 2",1055,53558921241395,53558922887773
"MEMORY_COPY","MEMORY_COPY_HOST_TO_DEVICE",1,"Agent 0","Agent 2",1055,53558923933575,53558925589833
"MEMORY_COPY","MEMORY_COPY_HOST_TO_DEVICE",1,"Agent 0","Agent 2",1058,53558928281222,53558932184065
"MEMORY_COPY","MEMORY_COPY_HOST_TO_DEVICE",1,"Agent 0","Agent 2",1058,53558932561709,53558936351550
"MEMORY_COPY","MEMORY_COPY_HOST_TO_DEVICE",1,"Agent 0","Agent 2",1058,53558936365311,53558938015889
"MEMORY_COPY","MEMORY_COPY_HOST_TO_DEVICE",1,"Agent 0","Agent 2",1061,53558938133440,53558938139120
"MEMORY_COPY","MEMORY_COPY_HOST_TO_DEVICE",1,"Agent 0","Agent 2",1064,53558939934750,53558941353645
"MEMORY_COPY","MEMORY_COPY_HOST_TO_DEVICE",1,"Agent 0","Agent 2",1067,53558941718489,53558942042373
"MEMORY_COPY","MEMORY_COPY_HOST_TO_DEVICE",1,"Agent 0","Agent 2",1070,53558942432757,53558942646959
"MEMORY_COPY","MEMORY_COPY_HOST_TO_DEVICE",1,"Agent 0","Agent 2",1073,53558944832743,53558947330530
"MEMORY_COPY","MEMORY_COPY_HOST_TO_DEVICE",1,"Agent 0","Agent 2",1082,53558947514983,53558947523623
"MEMORY_COPY","MEMORY_COPY_HOST_TO_DEVICE",1,"Agent 0","Agent 2",1085,53558949192201,53558950832179
"MEMORY_COPY","MEMORY_COPY_HOST_TO_DEVICE",1,"Agent 0","Agent 2",1085,53558951715438,53558953279376
"MEMORY_COPY","MEMORY_COPY_HOST_TO_DEVICE",1,"Agent 0","Agent 2",1085,53558955698482,53558956967536
"MEMORY_COPY","MEMORY_COPY_HOST_TO_DEVICE",1,"Agent 0","Agent 2",1088,53558959027296,53558960472912
"MEMORY_COPY","MEMORY_COPY_HOST_TO_DEVICE",1,"Agent 0","Agent 2",1088,53558961307001,53558962667016
"MEMORY_COPY","MEMORY_COPY_HOST_TO_DEVICE",1,"Agent 0","Agent 2",1088,53558963601226,53558964637397
"MEMORY_COPY","MEMORY_COPY_HOST_TO_DEVICE",1,"Agent 0","Agent 2",1091,53558970975758,53558972487334
"MEMORY_COPY","MEMORY_COPY_HOST_TO_DEVICE",1,"Agent 0","Agent 2",1091,53558975401697,53558976779192
"MEMORY_COPY","MEMORY_COPY_HOST_TO_DEVICE",1,"Agent 0","Agent 2",1091,53558979810806,53558980840417
"MEMORY_COPY","MEMORY_COPY_HOST_TO_DEVICE",1,"Agent 0","Agent 2",1094,53558980962978,53558980968338
"MEMORY_COPY","MEMORY_COPY_HOST_TO_DEVICE",1,"Agent 0","Agent 2",1097,53558984453107,53558985720001
"MEMORY_COPY","MEMORY_COPY_HOST_TO_DEVICE",1,"Agent 0","Agent 2",1100,53558986696892,53558986915934
"MEMORY_COPY","MEMORY_COPY_HOST_TO_DEVICE",1,"Agent 0","Agent 2",1103,53558987532381,53558987780944
"MEMORY_COPY","MEMORY_COPY_HOST_TO_DEVICE",1,"Agent 0","Agent 2",1106,53558991435854,53558992588347
"MEMORY_COPY","MEMORY_COPY_HOST_TO_DEVICE",1,"Agent 0","Agent 2",1115,53558992798319,53558992804999
"MEMORY_COPY","MEMORY_COPY_HOST_TO_DEVICE",1,"Agent 0","Agent 2",1118,53558997393420,53558998722995
"MEMORY_COPY","MEMORY_COPY_HOST_TO_DEVICE",1,"Agent 0","Agent 2",1118,53559001335434,53559002578688
"MEMORY_COPY","MEMORY_COPY_HOST_TO_DEVICE",1,"Agent 0","Agent 2",1118,53559004731102,53559005784473
"MEMORY_COPY","MEMORY_COPY_HOST_TO_DEVICE",1,"Agent 0","Agent 2",1121,53559009703267,53559011208563
"MEMORY_COPY","MEMORY_COPY_HOST_TO_DEVICE",1,"Agent 0","Agent 2",1121,53559012150514,53559013495409
"MEMORY_COPY","MEMORY_COPY_HOST_TO_DEVICE",1,"Agent 0","Agent 2",1121,53559013612940,53559014618231
"MEMORY_COPY","MEMORY_COPY_HOST_TO_DEVICE",1,"Agent 0","Agent 2",1124,53559017806446,53559019300343
"MEMORY_COPY","MEMORY_COPY_HOST_TO_DEVICE",1,"Agent 0","Agent 2",1124,53559020928951,53559022288046
"MEMORY_COPY","MEMORY_COPY_HOST_TO_DEVICE",1,"Agent 0","Agent 2",1124,53559022929244,53559024139617
"MEMORY_COPY","MEMORY_COPY_HOST_TO_DEVICE",1,"Agent 0","Agent 2",1127,53559024238347,53559024245147
"MEMORY_COPY","MEMORY_COPY_HOST_TO_DEVICE",1,"Agent 0","Agent 2",1130,53559025672703,53559028505335
"MEMORY_COPY","MEMORY_COPY_HOST_TO_DEVICE",1,"Agent 0","Agent 2",1133,53559029101821,53559029550866
"MEMORY_COPY","MEMORY_COPY_HOST_TO_DEVICE",1,"Agent 0","Agent 2",1136,53559030183443,53559030772690
"MEMORY_COPY","MEMORY_COPY_HOST_TO_DEVICE",1,"Agent 0","Agent 2",1139,53559033030845,53559035261710
"MEMORY_COPY","MEMORY_COPY_HOST_TO_DEVICE",1,"Agent 0","Agent 2",1148,53559035497233,53559035502393
"MEMORY_COPY","MEMORY_COPY_HOST_TO_DEVICE",1,"Agent 0","Agent 2",1151,53559041232226,53559042593682
"MEMORY_COPY","MEMORY_COPY_HOST_TO_DEVICE",1,"Agent 0","Agent 2",1151,53559043069907,53559044481163
"MEMORY_COPY","MEMORY_COPY_HOST_TO_DEVICE",1,"Agent 0","Agent 2",1151,53559044521763,53559045594175
"MEMORY_COPY","MEMORY_COPY_HOST_TO_DEVICE",1,"Agent 0","Agent 2",1154,53559047239623,53559051835875
"MEMORY_COPY","MEMORY_COPY_HOST_TO_DEVICE",1,"Agent 0","Agent 2",1154,53559051847509,53559056085996
"MEMORY_COPY","MEMORY_COPY_HOST_TO_DEVICE",1,"Agent 0","Agent 2",1154,53559056092722,53559057436497
"MEMORY_COPY","MEMORY_COPY_HOST_TO_DEVICE",1,"Agent 0","Agent 2",1157,53559059015875,53559060349009
"MEMORY_COPY","MEMORY_COPY_HOST_TO_DEVICE",1,"Agent 0","Agent 2",1157,53559060752094,53559062091669
"MEMORY_COPY","MEMORY_COPY_HOST_TO_DEVICE",1,"Agent 0","Agent 2",1157,53559062229470,53559063354203
"MEMORY_COPY","MEMORY_COPY_HOST_TO_DEVICE",1,"Agent 0","Agent 2",1160,53559063514595,53559063520115
"MEMORY_COPY","MEMORY_COPY_HOST_TO_DEVICE",1,"Agent 0","Agent 2",1163,53559065328095,53559066411467
"MEMORY_COPY","MEMORY_COPY_HOST_TO_DEVICE",1,"Agent 0","Agent 2",1166,53559066854652,53559067093414
"MEMORY_COPY","MEMORY_COPY_HOST_TO_DEVICE",1,"Agent 0","Agent 2",1169,53559067446148,53559067664631
"MEMORY_COPY","MEMORY_COPY_HOST_TO_DEVICE",1,"Agent 0","Agent 2",1172,53559069109387,53559070241560
"MEMORY_COPY","MEMORY_COPY_HOST_TO_DEVICE",1,"Agent 0","Agent 2",1181,53559070462482,53559070468002
"MEMORY_COPY","MEMORY_COPY_HOST_TO_DEVICE",1,"Agent 0","Agent 2",1184,53559072275422,53559073644917
"MEMORY_COPY","MEMORY_COPY_HOST_TO_DEVICE",1,"Agent 0","Agent 2",1184,53559074521287,53559075865382
"MEMORY_COPY","MEMORY_COPY_HOST_TO_DEVICE",1,"Agent 0","Agent 2",1184,53559078125577,53559079144029
"MEMORY_COPY","MEMORY_COPY_HOST_TO_DEVICE",1,"Agent 0","Agent 2",1187,53559081464525,53559082676138
"MEMORY_COPY","MEMORY_COPY_HOST_TO_DEVICE",1,"Agent 0","Agent 2",1187,53559086077044,53559087299697
"MEMORY_COPY","MEMORY_COPY_HOST_TO_DEVICE",1,"Agent 0","Agent 2",1187,53559088035625,53559089043716
"MEMORY_COPY","MEMORY_COPY_HOST_TO_DEVICE",1,"Agent 0","Agent 2",1190,53559093681867,53559095075442
"MEMORY_COPY","MEMORY_COPY_HOST_TO_DEVICE",1,"Agent 0","Agent 2",1190,53559098486250,53559099721144
"MEMORY_COPY","MEMORY_COPY_HOST_TO_DEVICE",1,"Agent 0","Agent 2",1190,53559102357463,53559103431795
"MEMORY_COPY","MEMORY_COPY_HOST_TO_DEVICE",1,"Agent 0","Agent 2",1193,53559103521486,53559103527286
"MEMORY_COPY","MEMORY_COPY_HOST_TO_DEVICE",1,"Agent 0","Agent 2",1196,53559106646850,53559107703742
"MEMORY_COPY","MEMORY_COPY_HOST_TO_DEVICE",1,"Agent 0","Agent 2",1199,53559108978646,53559109201129
"MEMORY_COPY","MEMORY_COPY_HOST_TO_DEVICE",1,"Agent 0","Agent 2",1202,53559109969657,53559110186059
"MEMORY_COPY","MEMORY_COPY_HOST_TO_DEVICE",1,"Agent 0","Agent 2",1205,53559114888211,53559115963543
"MEMORY_COPY","MEMORY_COPY_HOST_TO_DEVICE",1,"Agent 0","Agent 2",1214,53559120555074,53559120560514
"MEMORY_COPY","MEMORY_COPY_HOST_TO_DEVICE",1,"Agent 0","Agent 2",1217,53559122657417,53559123872591
"MEMORY_COPY","MEMORY_COPY_HOST_TO_DEVICE",1,"Agent 0","Agent 2",1217,53559124156024,53559125374677
"MEMORY_COPY","MEMORY_COPY_HOST_TO_DEVICE",1,"Agent 0","Agent 2",1217,53559125393198,53559126410209
"MEMORY_COPY","MEMORY_COPY_HOST_TO_DEVICE",1,"Agent 0","Agent 2",1220,53559130320112,53559131567286
"MEMORY_COPY","MEMORY_COPY_HOST_TO_DEVICE",1,"Agent 0","Agent 2",1220,53559133619099,53559134932873
"MEMORY_COPY","MEMORY_COPY_HOST_TO_DEVICE",1,"Agent 0","Agent 2",1220,53559136967996,53559138055968
"MEMORY_COPY","MEMORY_COPY_HOST_TO_DEVICE",1,"Agent 0","Agent 2",1223,53559139982939,53559141258273
"MEMORY_COPY","MEMORY_COPY_HOST_TO_DEVICE",1,"Agent 0","Agent 2",1223,53559143898652,53559145488390
"MEMORY_COPY","MEMORY_COPY_HOST_TO_DEVICE",1,"Agent 0","Agent 2",1223,53559147655884,53559149294902
"MEMORY_COPY","MEMORY_COPY_HOST_TO_DEVICE",1,"Agent 0","Agent 2",1226,53559149402803,53559149408243
"MEMORY_COPY","MEMORY_COPY_HOST_TO_DEVICE",1,"Agent 0","Agent 2",1229,53559153159980,53559154254752
"MEMORY_COPY","MEMORY_COPY_HOST_TO_DEVICE",1,"Agent 0","Agent 2",1232,53559154990019,53559155301143
"MEMORY_COPY","MEMORY_COPY_HOST_TO_DEVICE",1,"Agent 0","Agent 2",1235,53559156093651,53559156310294
"MEMORY_COPY","MEMORY_COPY_HOST_TO_DEVICE",1,"Agent 0","Agent 2",1238,53559159340337,53559160588991
"MEMORY_COPY","MEMORY_COPY_HOST_TO_DEVICE",1,"Agent 0","Agent 2",1247,53559160792773,53559160798493
"MEMORY_COPY","MEMORY_COPY_HOST_TO_DEVICE",1,"Agent 0","Agent 2",1250,53559164482674,53559165901449
"MEMORY_COPY","MEMORY_COPY_HOST_TO_DEVICE",1,"Agent 0","Agent 2",1250,53559167054432,53559168467807
"MEMORY_COPY","MEMORY_COPY_HOST_TO_DEVICE",1,"Agent 0","Agent 2",1250,53559168479088,53559169558779
"MEMORY_COPY","MEMORY_COPY_HOST_TO_DEVICE",1,"Agent 0","Agent 2",1253,53559174368732,53559175590906
"MEMORY_COPY","MEMORY_COPY_HOST_TO_DEVICE",1,"Agent 0","Agent 2",1253,53559178501038,53559180249777
"MEMORY_COPY","MEMORY_COPY_HOST_TO_DEVICE",1,"Agent 0","Agent 2",1253,53559182249209,53559183535983
"MEMORY_COPY","MEMORY_COPY_HOST_TO_DEVICE",1,"Agent 0","Agent 2",1256,53559185081300,53559186455515
"MEMORY_COPY","MEMORY_COPY_HOST_TO_DEVICE",1,"Agent 0","Agent 2",1256,53559186635397,53559188130413
"MEMORY_COPY","MEMORY_COPY_HOST_TO_DEVICE",1,"Agent 0","Agent 2",1256,53559188360816,53559189497029
"MEMORY_COPY","MEMORY_COPY_HOST_TO_DEVICE",1,"Agent 0","Agent 2",1259,53559189644240,53559189650800
"MEMORY_COPY","MEMORY_COPY_HOST_TO_DEVICE",1,"Agent 0","Agent 2",1262,53559194412883,53559195533095
"MEMORY_COPY","MEMORY_COPY_HOST_TO_DEVICE",1,"Agent 0","Agent 2",1265,53559196093041,53559196313523
"MEMORY_COPY","MEMORY_COPY_HOST_TO_DEVICE",1,"Agent 0","Agent 2",1268,53559197454766,53559197659008
"MEMORY_COPY","MEMORY_COPY_HOST_TO_DEVICE",1,"Agent 0","Agent 2",1271,53559201497570,53559202686423
"MEMORY_COPY","MEMORY_COPY_HOST_TO_DEVICE",1,"Agent 0","Agent 2",1280,53559203094798,53559203100718
"MEMORY_COPY","MEMORY_COPY_HOST_TO_DEVICE",1,"Agent 0","Agent 2",1283,53559207508236,53559208717690
"MEMORY_COPY","MEMORY_COPY_HOST_TO_DEVICE",1,"Agent 0","Agent 2",1283,53559211034575,53559212334149
"MEMORY_COPY","MEMORY_COPY_HOST_TO_DEVICE",1,"Agent 0","Agent 2",1283,53559213479142,53559214555754
"MEMORY_COPY","MEMORY_COPY_HOST_TO_DEVICE",1,"Agent 0","Agent 2",1286,53559220385456,53559221646834
"MEMORY_COPY","MEMORY_COPY_HOST_TO_DEVICE",1,"Agent 0","Agent 2",1286,53559224046076,53559225304214
"MEMORY_COPY","MEMORY_COPY_HOST_TO_DEVICE",1,"Agent 0","Agent 2",1286,53559230632581,53559231642035
"MEMORY_COPY","MEMORY_COPY_HOST_TO_DEVICE",1,"Agent 0","Agent 2",1289,53559236543853,53559237854431
"MEMORY_COPY","MEMORY_COPY_HOST_TO_DEVICE",1,"Agent 0","Agent 2",1289,53559240415654,53559241721592
"MEMORY_COPY","MEMORY_COPY_HOST_TO_DEVICE",1,"Agent 0","Agent 2",1289,53559242152445,53559243223140
"MEMORY_COPY","MEMORY_COPY_HOST_TO_DEVICE",1,"Agent 0","Agent 2",1292,53559243363083,53559243369723
"MEMORY_COPY","MEMORY_COPY_HOST_TO_DEVICE",1,"Agent 0","Agent 2",1295,53559246152337,53559247209551
"MEMORY_COPY","MEMORY_COPY_HOST_TO_DEVICE",1,"Agent 0","Agent 2",1298,53559247902667,53559248143310
"MEMORY_COPY","MEMORY_COPY_HOST_TO_DEVICE",1,"Agent 0","Agent 2",1301,53559248674142,53559248878185
"MEMORY_COPY","MEMORY_COPY_HOST_TO_DEVICE",1,"Agent 0","Agent 2",1304,53559252111519,53559253348816
"MEMORY_COPY","MEMORY_COPY_HOST_TO_DEVICE",1,"Agent 0","Agent 2",1313,53559253516960,53559253522560
"MEMORY_COPY","MEMORY_COPY_HOST_TO_DEVICE",1,"Agent 0","Agent 2",1316,53559255690049,53559258038402
"MEMORY_COPY","MEMORY_COPY_HOST_TO_DEVICE",1,"Agent 0","Agent 2",1316,53559258051729,53559259264786
"MEMORY_COPY","MEMORY_COPY_HOST_TO_DEVICE",1,"Agent 0","Agent 2",1316,53559259272083,53559260267617
"MEMORY_COPY","MEMORY_COPY_HOST_TO_DEVICE",1,"Agent 0","Agent 2",1319,53559263338670,53559264878091
"MEMORY_COPY","MEMORY_COPY_HOST_TO_DEVICE",1,"Agent 0","Agent 2",1319,53559265354487,53559267935403
"MEMORY_COPY","MEMORY_COPY_HOST_TO_DEVICE",1,"Agent 0","Agent 2",1319,53559267943106,53559270015455
"MEMORY_COPY","MEMORY_COPY_HOST_TO_DEVICE",1,"Agent 0","Agent 2",1322,53559271724968,53559272943385
"MEMORY_COPY","MEMORY_COPY_HOST_TO_DEVICE",1,"Agent 0","Agent 2",1322,53559273507664,53559274711201
"MEMORY_COPY","MEMORY_COPY_HOST_TO_DEVICE",1,"Agent 0","Agent 2",1322,53559275185866,53559276208361
"MEMORY_COPY","MEMORY_COPY_HOST_TO_DEVICE",1,"Agent 0","Agent 2",1325,53559276342384,53559276347784
"MEMORY_COPY","MEMORY_COPY_HOST_TO_DEVICE",1,"Agent 0","Agent 2",1328,53559279175628,53559280190282
"MEMORY_COPY","MEMORY_COPY_HOST_TO_DEVICE",1,"Agent 0","Agent 2",1331,53559280568381,53559280771864
"MEMORY_COPY","MEMORY_COPY_HOST_TO_DEVICE",1,"Agent 0","Agent 2",1334,53559281520641,53559281778364
"MEMORY_COPY","MEMORY_COPY_HOST_TO_DEVICE",1,"Agent 0","Agent 2",1337,53559283862167,53559284891058
"MEMORY_COPY","MEMORY_COPY_HOST_TO_DEVICE",1,"Agent 0","Agent 2",1346,53559285225761,53559285231841
"MEMORY_COPY","MEMORY_COPY_HOST_TO_DEVICE",1,"Agent 0","Agent 2",1349,53559289816373,53559291175908
"MEMORY_COPY","MEMORY_COPY_HOST_TO_DEVICE",1,"Agent 0","Agent 2",1349,53559293517864,53559294757318
"MEMORY_COPY","MEMORY_COPY_HOST_TO_DEVICE",1,"Agent 0","Agent 2",1349,53559295601278,53559296791811
"MEMORY_COPY","MEMORY_COPY_HOST_TO_DEVICE",1,"Agent 0","Agent 2",1352,53559300136119,53559301598136
"MEMORY_COPY","MEMORY_COPY_HOST_TO_DEVICE",1,"Agent 0","Agent 2",1352,53559304047483,53559305254977
"MEMORY_COPY","MEMORY_COPY_HOST_TO_DEVICE",1,"Agent 0","Agent 2",1352,53559307058907,53559308071399
"MEMORY_COPY","MEMORY_COPY_HOST_TO_DEVICE",1,"Agent 0","Agent 2",1355,53559310719834,53559311943367
"MEMORY_COPY","MEMORY_COPY_HOST_TO_DEVICE",1,"Agent 0","Agent 2",1355,53559312817872,53559314177128
"MEMORY_COPY","MEMORY_COPY_HOST_TO_DEVICE",1,"Agent 0","Agent 2",1355,53559314186053,53559315288585
"MEMORY_COPY","MEMORY_COPY_HOST_TO_DEVICE",1,"Agent 0","Agent 2",1381,53560556794130,53560556961292
"MEMORY_COPY","MEMORY_COPY_HOST_TO_DEVICE",1,"Agent 0","Agent 2",1397,53560557277475,53560557285596
"MEMORY_COPY","MEMORY_COPY_DEVICE_TO_HOST",2,"Agent 2","Agent 0",5283,53560780980053,53560781077054
"MEMORY_COPY","MEMORY_COPY_HOST_TO_DEVICE",1,"Agent 0","Agent 2",5287,53560782482129,53560782650411
"MEMORY_COPY","MEMORY_COPY_HOST_TO_DEVICE",1,"Agent 0","Agent 2",5303,53560782893924,53560782901604
"MEMORY_COPY","MEMORY_COPY_DEVICE_TO_HOST",2,"Agent 2","Agent 0",9188,53560942603641,53560942674922
"MEMORY_COPY","MEMORY_COPY_HOST_TO_DEVICE",1,"Agent 0","Agent 2",9192,53560942941635,53560943115997
"MEMORY_COPY","MEMORY_COPY_HOST_TO_DEVICE",1,"Agent 0","Agent 2",9208,53560943341749,53560943353229
"MEMORY_COPY","MEMORY_COPY_DEVICE_TO_HOST",2,"Agent 2","Agent 0",13088,53561058579576,53561058619976
"MEMORY_COPY","MEMORY_COPY_HOST_TO_DEVICE",1,"Agent 0","Agent 2",13092,53561059500626,53561059648788
"MEMORY_COPY","MEMORY_COPY_HOST_TO_DEVICE",1,"Agent 0","Agent 2",13108,53561059854190,53561059865070
"MEMORY_COPY","MEMORY_COPY_DEVICE_TO_HOST",2,"Agent 2","Agent 0",16993,53561210108288,53561210216929
"MEMORY_COPY","MEMORY_COPY_HOST_TO_DEVICE",1,"Agent 0","Agent 2",16997,53561213439705,53561213605947
"MEMORY_COPY","MEMORY_COPY_HOST_TO_DEVICE",1,"Agent 0","Agent 2",17013,53561213883650,53561213900210
"MEMORY_COPY","MEMORY_COPY_DEVICE_TO_HOST",2,"Agent 2","Agent 0",20893,53561324841937,53561324875177
"MEMORY_COPY","MEMORY_COPY_HOST_TO_DEVICE",1,"Agent 0","Agent 2",20897,53561325845048,53561326001729
"MEMORY_COPY","MEMORY_COPY_HOST_TO_DEVICE",1,"Agent 0","Agent 2",20913,53561326275583,53561326293623
"MEMORY_COPY","MEMORY_COPY_DEVICE_TO_HOST",2,"Agent 2","Agent 0",24798,53561482625955,53561482691355
"MEMORY_COPY","MEMORY_COPY_HOST_TO_DEVICE",1,"Agent 0","Agent 2",24802,53561483352980,53561483532423
"MEMORY_COPY","MEMORY_COPY_HOST_TO_DEVICE",1,"Agent 0","Agent 2",24818,53561483844669,53561483870150
"MEMORY_COPY","MEMORY_COPY_DEVICE_TO_HOST",2,"Agent 2","Agent 0",28698,53561597902426,53561597984307
"MEMORY_COPY","MEMORY_COPY_HOST_TO_DEVICE",1,"Agent 0","Agent 2",28702,53561603778881,53561603944083
"MEMORY_COPY","MEMORY_COPY_HOST_TO_DEVICE",1,"Agent 0","Agent 2",28718,53561604270576,53561604294217
"MEMORY_COPY","MEMORY_COPY_DEVICE_TO_HOST",2,"Agent 2","Agent 0",32603,53561744999714,53561745067075
"MEMORY_COPY","MEMORY_COPY_HOST_TO_DEVICE",1,"Agent 0","Agent 2",32607,53561745359468,53561745374269
"MEMORY_COPY","MEMORY_COPY_DEVICE_TO_HOST",2,"Agent 2","Agent 0",36306,53561790239527,53561790302247
"MEMORY_COPY","MEMORY_COPY_DEVICE_TO_HOST",1,"Agent 2","Agent 0",36310,53561920401765,53561920802529
"MEMORY_COPY","MEMORY_COPY_DEVICE_TO_HOST",1,"Agent 2","Agent 0",36313,53561921058901,53561921361904
"MEMORY_COPY","MEMORY_COPY_DEVICE_TO_HOST",1,"Agent 2","Agent 0",36316,53561921524326,53561921833449
"MEMORY_COPY","MEMORY_COPY_DEVICE_TO_HOST",1,"Agent 2","Agent 0",36319,53561921956991,53561922128913
"MEMORY_COPY","MEMORY_COPY_DEVICE_TO_HOST",1,"Agent 2","Agent 0",36322,53561922246514,53561922410196
"MEMORY_COPY","MEMORY_COPY_DEVICE_TO_HOST",1,"Agent 2","Agent 0",36325,53561922529057,53561922796260
"MEMORY_COPY","MEMORY_COPY_DEVICE_TO_HOST",1,"Agent 2","Agent 0",36328,53561922911841,53561923060803
"MEMORY_COPY","MEMORY_COPY_DEVICE_TO_HOST",1,"Agent 2","Agent 0",36331,53561923326176,53561923701820
"MEMORY_COPY","MEMORY_COPY_DEVICE_TO_HOST",1,"Agent 2","Agent 0",36334,53561923842962,53561924155845
"MEMORY_COPY","MEMORY_COPY_DEVICE_TO_HOST",1,"Agent 2","Agent 0",36337,53561924284447,53561924562690
"MEMORY_COPY","MEMORY_COPY_DEVICE_TO_HOST",1,"Agent 2","Agent 0",36340,53561924675301,53561925002665
"MEMORY_COPY","MEMORY_COPY_DEVICE_TO_HOST",1,"Agent 2","Agent 0",36343,53561925148076,53561925277598
"MEMORY_COPY","MEMORY_COPY_DEVICE_TO_HOST",1,"Agent 2","Agent 0",36346,53561925390849,53561925521610
"MEMORY_COPY","MEMORY_COPY_DEVICE_TO_HOST",1,"Agent 2","Agent 0",36349,53561925636622,53561925975465
"MEMORY_COPY","MEMORY_COPY_DEVICE_TO_HOST",1,"Agent 2","Agent 0",36352,53561926097777,53561926333659
"MEMORY_COPY","MEMORY_COPY_DEVICE_TO_HOST",1,"Agent 2","Agent 0",36355,53561926466051,53561926662493
"MEMORY_COPY","MEMORY_COPY_DEVICE_TO_HOST",1,"Agent 2","Agent 0",36358,53561926778154,53561926884035
"MEMORY_COPY","MEMORY_COPY_DEVICE_TO_HOST",1,"Agent 2","Agent 0",36361,53561927000057,53561927167138
"MEMORY_COPY","MEMORY_COPY_DEVICE_TO_HOST",1,"Agent 2","Agent 0",36364,53561927281350,53561927597193
"MEMORY_COPY","MEMORY_COPY_DEVICE_TO_HOST",1,"Agent 2","Agent 0",36367,53561927710974,53561927856256
"MEMORY_COPY","MEMORY_COPY_DEVICE_TO_HOST",1,"Agent 2","Agent 0",36370,53561927976587,53561928189790
"MEMORY_COPY","MEMORY_COPY_DEVICE_TO_HOST",1,"Agent 2","Agent 0",36373,53561928325301,53561928491383
"MEMORY_COPY","MEMORY_COPY_DEVICE_TO_HOST",1,"Agent 2","Agent 0",36376,53561928610114,53561928753156
"MEMORY_COPY","MEMORY_COPY_DEVICE_TO_HOST",1,"Agent 2","Agent 0",36379,53561928871507,53561928955388
"MEMORY_COPY","MEMORY_COPY_DEVICE_TO_HOST",1,"Agent 2","Agent 0",36382,53561929120540,53561929367063
"MEMORY_COPY","MEMORY_COPY_DEVICE_TO_HOST",1,"Agent 2","Agent 0",36385,53561929508184,53561929797788
"MEMORY_COPY","MEMORY_COPY_DEVICE_TO_HOST",1,"Agent 2","Agent 0",36388,53561929915979,53561930300223
"MEMORY_COPY","MEMORY_COPY_DEVICE_TO_HOST",1,"Agent 2","Agent 0",36391,53561930439195,53561930628597
"MEMORY_COPY","MEMORY_COPY_DEVICE_TO_HOST",1,"Agent 2","Agent 0",36394,53561930744888,53561930870329
"MEMORY_COPY","MEMORY_COPY_DEVICE_TO_HOST",1,"Agent 2","Agent 0",36397,53561931060181,53561931240663
"MEMORY_COPY","MEMORY_COPY_DEVICE_TO_HOST",1,"Agent 2","Agent 0",36400,53561931358795,53561931525277
"MEMORY_COPY","MEMORY_COPY_DEVICE_TO_HOST",1,"Agent 2","Agent 0",36403,53561932077193,53561932349436
"MEMORY_COPY","MEMORY_COPY_DEVICE_TO_HOST",1,"Agent 2","Agent 0",36406,53561932490977,53561932576458
"MEMORY_COPY","MEMORY_COPY_DEVICE_TO_HOST",1,"Agent 2","Agent 0",36409,53561932703950,53561932792311
"MEMORY_COPY","MEMORY_COPY_DEVICE_TO_HOST",1,"Agent 2","Agent 0",36412,53561932906202,53561932986723
"MEMORY_COPY","MEMORY_COPY_DEVICE_TO_HOST",1,"Agent 2","Agent 0",36415,53561933148705,53561933252106
"MEMORY_COPY","MEMORY_COPY_DEVICE_TO_HOST",1,"Agent 2","Agent 0",36418,53561933392067,53561933486348
"MEMORY_COPY","MEMORY_COPY_DEVICE_TO_HOST",1,"Agent 2","Agent 0",36421,53561933668750,53561933783032
"MEMORY_COPY","MEMORY_COPY_DEVICE_TO_HOST",1,"Agent 2","Agent 0",36424,53561933918753,53561934013074
"MEMORY_COPY","MEMORY_COPY_DEVICE_TO_HOST",1,"Agent 2","Agent 0",36427,53561934156626,53561934241227
"MEMORY_COPY","MEMORY_COPY_DEVICE_TO_HOST",1,"Agent 2","Agent 0",36430,53561934370048,53561934450569
"MEMORY_COPY","MEMORY_COPY_DEVICE_TO_HOST",1,"Agent 2","Agent 0",36433,53561934600111,53561934750352
"MEMORY_COPY","MEMORY_COPY_DEVICE_TO_HOST",1,"Agent 2","Agent 0",36436,53561934882024,53561934993345
"MEMORY_COPY","MEMORY_COPY_DEVICE_TO_HOST",1,"Agent 2","Agent 0",36439,53561935201367,53561935282928
"MEMORY_COPY","MEMORY_COPY_DEVICE_TO_HOST",1,"Agent 2","Agent 0",36442,53561935468590,53561935556271
"MEMORY_COPY","MEMORY_COPY_DEVICE_TO_HOST",1,"Agent 2","Agent 0",36445,53561935737753,53561935867915
"MEMORY_COPY","MEMORY_COPY_DEVICE_TO_HOST",1,"Agent 2","Agent 0",36448,53561935997996,53561936173398
"MEMORY_COPY","MEMORY_COPY_DEVICE_TO_HOST",1,"Agent 2","Agent 0",36451,53561936310740,53561936464661
"MEMORY_COPY","MEMORY_COPY_DEVICE_TO_HOST",1,"Agent 2","Agent 0",36454,53561936636503,53561936824105
"MEMORY_COPY","MEMORY_COPY_DEVICE_TO_HOST",1,"Agent 2","Agent 0",36457,53561936984217,53561937102698
"MEMORY_COPY","MEMORY_COPY_DEVICE_TO_HOST",1,"Agent 2","Agent 0",36460,53561937282550,53561937605834
"MEMORY_COPY","MEMORY_COPY_DEVICE_TO_HOST",1,"Agent 2","Agent 0",36463,53561937747375,53561937841376
"MEMORY_COPY","MEMORY_COPY_DEVICE_TO_HOST",1,"Agent 2","Agent 0",36466,53561937958928,53561938114649
"MEMORY_COPY","MEMORY_COPY_DEVICE_TO_HOST",1,"Agent 2","Agent 0",36469,53561938295521,53561938390883
"MEMORY_COPY","MEMORY_COPY_DEVICE_TO_HOST",1,"Agent 2","Agent 0",36472,53561938538054,53561938640295
"MEMORY_COPY","MEMORY_COPY_DEVICE_TO_HOST",1,"Agent 2","Agent 0",36475,53561938764567,53561938948889
"MEMORY_COPY","MEMORY_COPY_DEVICE_TO_HOST",1,"Agent 2","Agent 0",36478,53561939186751,53561939274032
"MEMORY_COPY","MEMORY_COPY_DEVICE_TO_HOST",1,"Agent 2","Agent 0",36481,53561939451374,53561939545415
"MEMORY_COPY","MEMORY_COPY_DEVICE_TO_HOST",1,"Agent 2","Agent 0",36484,53561939679097,53561939891379
"MEMORY_COPY","MEMORY_COPY_DEVICE_TO_HOST",1,"Agent 2","Agent 0",36487,53561940058691,53561940447255
"MEMORY_COPY","MEMORY_COPY_DEVICE_TO_HOST",1,"Agent 2","Agent 0",36490,53561940584457,53561940696458
"MEMORY_COPY","MEMORY_COPY_DEVICE_TO_HOST",1,"Agent 2","Agent 0",36493,53561940886680,53561941203484
"MEMORY_COPY","MEMORY_COPY_DEVICE_TO_HOST",1,"Agent 2","Agent 0",36496,53561941355265,53561941604868
"MEMORY_COPY","MEMORY_COPY_DEVICE_TO_HOST",1,"Agent 2","Agent 0",36499,53561941751220,53561942063183
"MEMORY_COPY","MEMORY_COPY_DEVICE_TO_HOST",1,"Agent 2","Agent 0",36502,53561942226085,53561942434807
"MEMORY_COPY","MEMORY_COPY_DEVICE_TO_HOST",1,"Agent 2","Agent 0",36505,53561942666840,53561942824082
"MEMORY_COPY","MEMORY_COPY_DEVICE_TO_HOST",1,"Agent 2","Agent 0",36508,53561942983493,53561943343577
"MEMORY_COPY","MEMORY_COPY_DEVICE_TO_HOST",1,"Agent 2","Agent 0",36511,53561943534759,53561943877363
"MEMORY_COPY","MEMORY_COPY_DEVICE_TO_HOST",1,"Agent 2","Agent 0",36514,53561944059415,53561944268937
"MEMORY_COPY","MEMORY_COPY_DEVICE_TO_HOST",1,"Agent 2","Agent 0",36517,53561944474710,53561944833074
"MEMORY_COPY","MEMORY_COPY_DEVICE_TO_HOST",1,"Agent 2","Agent 0",36520,53561944955265,53561945161147
"MEMORY_COPY","MEMORY_COPY_DEVICE_TO_HOST",1,"Agent 2","Agent 0",36523,53561945278309,53561945376430
"MEMORY_COPY","MEMORY_COPY_DEVICE_TO_HOST",1,"Agent 2","Agent 0",36526,53561945511601,53561945633243
"MEMORY_COPY","MEMORY_COPY_DEVICE_TO_HOST",1,"Agent 2","Agent 0",36529,53561945774464,53561945923066
"MEMORY_COPY","MEMORY_COPY_DEVICE_TO_HOST",1,"Agent 2","Agent 0",36532,53561946139818,53561946223619
"MEMORY_COPY","MEMORY_COPY_DEVICE_TO_HOST",1,"Agent 2","Agent 0",36535,53561946344300,53561946463062
"MEMORY_COPY","MEMORY_COPY_DEVICE_TO_HOST",1,"Agent 2","Agent 0",36538,53561946584333,53561946725935
"MEMORY_COPY","MEMORY_COPY_DEVICE_TO_HOST",1,"Agent 2","Agent 0",36541,53561946853486,53561947063008
"MEMORY_COPY","MEMORY_COPY_DEVICE_TO_HOST",1,"Agent 2","Agent 0",36544,53561947203650,53561947350332
"MEMORY_COPY","MEMORY_COPY_DEVICE_TO_HOST",1,"Agent 2","Agent 0",36547,53561947496703,53561947853787
"MEMORY_COPY","MEMORY_COPY_HOST_TO_DEVICE",1,"Agent 0","Agent 2",36552,53561949837919,53561949844399
"MEMORY_COPY","MEMORY_COPY_DEVICE_TO_HOST",2,"Agent 2","Agent 0",39393,53561995586020,53561995639781
"MEMORY_COPY","MEMORY_COPY_HOST_TO_DEVICE",1,"Agent 0","Agent 2",39398,53561996106246,53561996112046
"MEMORY_COPY","MEMORY_COPY_DEVICE_TO_HOST",2,"Agent 2","Agent 0",42247,53562078721508,53562078806589
"MEMORY_COPY","MEMORY_COPY_HOST_TO_DEVICE",1,"Agent 0","Agent 2",42252,53562083775974,53562083783054
"MEMORY_COPY","MEMORY_COPY_DEVICE_TO_HOST",2,"Agent 2","Agent 0",42276,53562154748697,53562154813898
"MEMORY_COPY","MEMORY_COPY_HOST_TO_DEVICE",1,"Agent 0","Agent 2",42281,53562158126895,53562158133295
"MEMORY_COPY","MEMORY_COPY_DEVICE_TO_HOST",2,"Agent 2","Agent 0",42305,53562233213676,53562233249957
"MEMORY_COPY","MEMORY_COPY_HOST_TO_DEVICE",1,"Agent 0","Agent 2",42310,53562233674831,53562233680631
"MEMORY_COPY","MEMORY_COPY_DEVICE_TO_HOST",2,"Agent 2","Agent 0",42334,53562306792402,53562306852322
"MEMORY_COPY","MEMORY_COPY_HOST_TO_DEVICE",1,"Agent 0","Agent 2",42339,53562307598431,53562307605631
"MEMORY_COPY","MEMORY_COPY_DEVICE_TO_HOST",2,"Agent 2","Agent 0",42363,53562385185136,53562385262217
"MEMORY_COPY","MEMORY_COPY_HOST_TO_DEVICE",1,"Agent 0","Agent 2",42368,53562385766913,53562385774193
"MEMORY_COPY","MEMORY_COPY_DEVICE_TO_HOST",2,"Agent 2","Agent 0",42392,53562452415770,53562452473811
"MEMORY_COPY","MEMORY_COPY_HOST_TO_DEVICE",1,"Agent 0","Agent 2",42397,53562452910696,53562452916496
"MEMORY_COPY","MEMORY_COPY_DEVICE_TO_HOST",2,"Agent 2","Agent 0",42421,53562526983017,53562527096898
"MEMORY_COPY","MEMORY_COPY_HOST_TO_DEVICE",1,"Agent 0","Agent 2",42426,53562531619128,53562531625808
"MEMORY_COPY","MEMORY_COPY_DEVICE_TO_HOST",2,"Agent 2","Agent 0",42450,53562596763984,53562596855345
"MEMORY_COPY","MEMORY_COPY_HOST_TO_DEVICE",1,"Agent 0","Agent 2",42455,53562597607873,53562597615193
"MEMORY_COPY","MEMORY_COPY_DEVICE_TO_HOST",2,"Agent 2","Agent 0",42479,53562656361573,53562656459735
"MEMORY_COPY","MEMORY_COPY_HOST_TO_DEVICE",1,"Agent 0","Agent 2",42484,53562657239723,53562657246803
"MEMORY_COPY","MEMORY_COPY_DEVICE_TO_HOST",2,"Agent 2","Agent 0",42508,53562729090105,53562729143585
"MEMORY_COPY","MEMORY_COPY_HOST_TO_DEVICE",1,"Agent 0","Agent 2",42513,53562729577520,53562729583920
"MEMORY_COPY","MEMORY_COPY_DEVICE_TO_HOST",2,"Agent 2","Agent 0",42537,53562798414699,53562798449059
"MEMORY_COPY","MEMORY_COPY_HOST_TO_DEVICE",1,"Agent 0","Agent 2",42542,53562798856144,53562798861784
"MEMORY_COPY","MEMORY_COPY_DEVICE_TO_HOST",2,"Agent 2","Agent 0",42566,53562883315325,53562883353406
"MEMORY_COPY","MEMORY_COPY_HOST_TO_DEVICE",1,"Agent 0","Agent 2",42571,53562883699679,53562883705319
"MEMORY_COPY","MEMORY_COPY_DEVICE_TO_HOST",2,"Agent 2","Agent 0",42595,53562943476964,53562943556685
"MEMORY_COPY","MEMORY_COPY_HOST_TO_DEVICE",1,"Agent 0","Agent 2",42600,53562948900554,53562948907234
"MEMORY_COPY","MEMORY_COPY_DEVICE_TO_HOST",2,"Agent 2","Agent 0",42624,53563021917672,53563021991793
"MEMORY_COPY","MEMORY_COPY_HOST_TO_DEVICE",1,"Agent 0","Agent 2",42629,53563022675491,53563022683171
"MEMORY_COPY","MEMORY_COPY_DEVICE_TO_HOST",2,"Agent 2","Agent 0",42653,53563081732503,53563081791984
